STA_SEQ,CYCLE,SAMPLE,SAMPLE_YEAR,SAMPLE_METHOD,METRIC,METRIC_VALUE,DATA_USE_FLAG,COLLECTOR,COMMENT
14128,2022,BUG,2016,KickNet2M2,BUG_BCG,4,0,WPLR,BCG Lev Num = 4;
14129,2022,BUG,2016,KickNet2M2,BUG_BCG,4,0,WPLR,BCG Lev Num = 4;
14129,2022,FISH,2016,fish1passAllSp,FISH_BCG,3,0,ABM,BCG Lev Num =  3
14129,2022,FISH,2018,1PassAllSpecies,FISH_BCG,3,0,IFD,BCG Lev Num =  3;     
14130,2022,FISH,2019,1PassAllSpecies,FISH_BCG,4,0,IFD,BCG Lev Num =  4;     
14137,2022,FISH,2017,fish1passAllSp,FISH_BCG,3,0,ABM,BCG Lev Num =  3
14141,2022,FISH,2018,1PassAllSpecies,FISH_BCG,3,0,IFD,BCG Lev Num =  3;     
14147,2022,FISH,2017,fish1passAllSp,FISH_BCG,3,1,ABM,BCG Lev Num =  3.40; Mem < 0.75 
14153,2022,FISH,2017,fish1passAllSp,FISH_BCG,4,0,ABM,BCG Lev Num =  4
14169,2022,FISH,2016,1PassAllSpecies,FISH_BCG,4,0,IFD,BCG Lev Num =  4    
14172,2022,BUG,2016,KickNet2M2,BUG_BCG,4,0,WPLR,BCG Lev Num = 4;
14177,2022,FISH,2019,1PassAllSpecies,FISH_BCG,5,1,IFD,BCG Lev Num =  5;  >= 200 Sample Length   
14179,2022,BUG,2016,KickNet2M2,BUG_BCG,5,0,WPLR,BCG Lev Num = 5;
14179,2022,FISH,2016,fish1passAllSp,FISH_BCG,3,0,ABM,BCG Lev Num =  3
14183,2022,BUG,2016,KickNet2M2,BUG_BCG,4,0,WPLR,BCG Lev Num = 4;
14184,2022,FISH,2019,1PassAllSpecies,FISH_BCG,4,0,IFD,BCG Lev Num =  4;     
14186,2022,FISH,2019,1PassAllSpecies,FISH_BCG,3,1,IFD,BCG Lev Num =  2.68;    Mem < 0.75 
14186,2022,FISH,2016,fish1passAllSp,FISH_BCG,3,0,ABM,BCG Lev Num =  3
14186,2022,BUG,2016,KickNet2M2,BUG_BCG,3,1,WPLR,BCG Lev Num = 2.6515151469697; BCG Mem < 0.75
14193,2022,FISH,2018,1PassAllSpecies,FISH_BCG,3,0,IFD,BCG Lev Num =  3;     
14193,2022,FISH,2017,1PassAllSpecies,FISH_BCG,3,0,IFD,BCG Lev Num =  2.83    
14194,2022,FISH,2018,1PassAllSpecies,FISH_BCG,3,1,IFD,BCG Lev Num =  3.24;  >= 200 Sample Length   
14195,2022,FISH,2016,fish1passAllSp,FISH_BCG,3,0,ABM,BCG Lev Num =  3.25
14195,2022,BUG,2016,KickNet2M2,BUG_BCG,5,0,WPLR,BCG Lev Num = 4.7804877804878;
14197,2022,BUG,2017,KickNet2M2,BUG_BCG,4,0,WPLR,BCG Lev Num = 4;
14197,2022,BUG,2018,KickNet2M2,BUG_BCG,4,0,WPLR,BCG Lev Num = 4;
14202,2022,FISH,2017,1PassAllSpecies,FISH_BCG,5,0,IFD,BCG Lev Num =  5    
14209,2022,FISH,2016,fish1passAllSp,FISH_BCG,3,1,ABM,BCG Lev Num =  3.25; sample bucket dropped at end of segment - about 20 fish lost
14209,2022,BUG,2016,KickNet2M2,BUG_BCG,4,0,WPLR,BCG Lev Num = 4.22916668333332;
14212,2022,FISH,2019,1PassAllSpecies,FISH_BCG,4,1,IFD,BCG Lev Num =  4.39;  < 100 Sample Length  Mem < 0.75 
14221,2022,BUG,2016,KickNet2M2,BUG_BCG,3,0,WPLR,BCG Lev Num = 3;
14226,2022,FISH,2019,1PassAllSpecies,FISH_BCG,3,1,IFD,BCG Lev Num =  3.38;    Mem < 0.75 
14226,2022,BUG,2016,KickNet2M2,BUG_BCG,5,0,WPLR,BCG Lev Num = 5;
14228,2022,FISH,2018,1PassAllSpecies,FISH_BCG,4,0,IFD,BCG Lev Num =  4;     
14238,2022,FISH,2019,1PassAllSpecies,FISH_BCG,3,1,IFD,BCG Lev Num =  3;  >= 200 Sample Length   
14241,2022,FISH,2016,1PassAllSpecies,FISH_BCG,4,1,IFD,BCG Lev Num =  3.69   Mem < 0.75 
14241,2022,FISH,2017,1PassAllSpecies,FISH_BCG,4,0,IFD,BCG Lev Num =  4    
14247,2022,BUG,2016,KickNet2M2,BUG_BCG,4,0,WPLR,BCG Lev Num = 4;
14251,2022,BUG,2016,KickNet2M2,BUG_BCG,4,0,WPLR,BCG Lev Num = 4;
14254,2022,BUG,2016,KickNet2M2,BUG_BCG,4,0,WPLR,BCG Lev Num = 4.14393937424244;
14260,2022,FISH,2017,fish1passAllSp,FISH_BCG,3,0,ABM,BCG Lev Num =  3.25
14261,2022,FISH,2019,fish1passAllSp,FISH_BCG,4,1,ABM,BCG Lev Num =  4; <100 Sample Length
14261,2022,BUG,2019,KickNet2M2,BUG_BCG,4,0,WPLR,BCG Lev Num = 3.81114550749227;
14263,2022,FISH,2019,fish1passAllSp,FISH_BCG,4,1,ABM,BCG Lev Num =  4.33; Mem < 0.75 
14263,2022,BUG,2019,KickNet2M2,BUG_BCG,5,0,WPLR,BCG Lev Num = 5;
14277,2022,FISH,2017,1PassAllSpecies,FISH_BCG,4,1,IFD,BCG Lev Num =  4.5   Mem < 0.75 
14280,2022,BUG,2016,KickNet2M2,BUG_BCG,4,1,WPLR,BCG Lev Num = 4.5; BCG Mem < 0.75
14280,2022,FISH,2016,fish1passAllSp,FISH_BCG,3,0,ABM,BCG Lev Num =  3.21
14281,2022,FISH,2017,fish1passAllSp,FISH_BCG,3,0,ABM,BCG Lev Num =  3
14283,2022,FISH,2017,fish1passAllSp,FISH_BCG,3,0,ABM,BCG Lev Num =  3.22
14314,2022,FISH,2018,1PassAllSpecies,FISH_BCG,4,0,IFD,BCG Lev Num =  4.14;     
14314,2022,FISH,2019,1PassAllSpecies,FISH_BCG,4,0,IFD,BCG Lev Num =  4;     
14314,2022,BUG,2017,KickNet2M2,BUG_BCG,3,0,WPLR,BCG Lev Num = 3;
14316,2022,BUG,2017,KickNet2M2,BUG_BCG,5,0,WPLR,BCG Lev Num = 5;
14316,2022,FISH,2016,1PassAllSpecies,FISH_BCG,5,1,IFD,BCG Lev Num =  5 >= 200 Sample Length   
14316,2022,BUG,2018,KickNet2M2,BUG_BCG,4,1,WPLR,BCG Lev Num = 4.41698843204632; BCG Mem < 0.75
14316,2022,BUG,2019,KickNet2M2,BUG_BCG,5,0,WPLR,BCG Lev Num = 5;
14316,2022,FISH,2016,fish1passAllSp,FISH_BCG,5,1,ABM,BCG Lev Num =  5; >= 200 Sample Length
14316,2022,BUG,2016,KickNet2M2,BUG_BCG,5,0,WPLR,BCG Lev Num = 5;
14317,2022,BUG,2016,KickNet2M2,BUG_BCG,5,0,WPLR,BCG Lev Num = 5;
14317,2022,BUG,2017,KickNet2M2,BUG_BCG,5,0,WPLR,BCG Lev Num = 5;
14317,2022,BUG,2018,KickNet2M2,BUG_BCG,5,0,WPLR,BCG Lev Num = 5;
14317,2022,FISH,2019,1PassAllSpecies,FISH_BCG,5,1,IFD,BCG Lev Num =  4.94;  >= 200 Sample Length   DA > 134
14319,2022,FISH,2019,fish1passAllSp,FISH_BCG,3,0,ABM,BCG Lev Num =  3
14319,2022,BUG,2016,KickNet2M2,BUG_BCG,5,0,WPLR,BCG Lev Num = 5;
14319,2022,BUG,2019,KickNet2M2,BUG_BCG,5,0,WPLR,BCG Lev Num = 4.78661088535564;
14319,2022,FISH,2016,fish1passAllSp,FISH_BCG,4,0,ABM,BCG Lev Num =  4
14332,2022,BUG,2018,KickNet2M2,BUG_BCG,5,0,WPLR,BCG Lev Num = 5;
14332,2022,FISH,2019,1PassAllSpecies,FISH_BCG,5,1,IFD,BCG Lev Num =  5;  >= 200 Sample Length   DA > 134
14341,2022,BUG,2016,KickNet2M2,BUG_BCG,5,0,WPLR,BCG Lev Num = 5;
14341,2022,FISH,2016,fish1passAllSp,FISH_BCG,3,1,ABM,BCG Lev Num =  3.5; Mem < 0.75 
14349,2022,FISH,2017,fish1passAllSp,FISH_BCG,4,1,ABM,BCG Lev Num =  3.56; Mem < 0.75 
14355,2022,BUG,2016,KickNet2M2,BUG_BCG,4,1,WPLR,BCG Lev Num = 4.375634528934; BCG Mem < 0.75
14355,2022,FISH,2016,fish1passAllSp,FISH_BCG,2,1,ABM,BCG Lev Num =  2.42; Mem < 0.75 
14355,2022,FISH,2018,fish1passAllSp,FISH_BCG,3,0,ABM,BCG Lev Num =  3
14355,2022,FISH,2019,1PassAllSpecies,FISH_BCG,4,1,IFD,BCG Lev Num =  4;  >= 200 Sample Length   
14358,2022,BUG,2016,KickNet2M2,BUG_BCG,5,0,WPLR,BCG Lev Num = 5;
14360,2022,BUG,2020,KickNet2M2,BUG_BCG,5,0,WPLR,BCG Lev Num = 5;
14360,2022,BUG,2016,KickNet2M2,BUG_BCG,5,0,WPLR,BCG Lev Num = 5;
14360,2022,BUG,2019,KickNet2M2,BUG_BCG,5,0,WPLR,BCG Lev Num = 5;
14360,2022,FISH,2016,fish1passAllSp,FISH_BCG,4,0,ABM,BCG Lev Num =  4
14361,2022,BUG,2020,KickNet2M2,BUG_BCG,5,0,WPLR,BCG Lev Num = 5;
14361,2022,BUG,2019,KickNet2M2,BUG_BCG,5,0,WPLR,BCG Lev Num = 5;
14361,2022,FISH,2016,fish1passAllSp,FISH_BCG,4,0,ABM,BCG Lev Num =  4
14361,2022,BUG,2016,KickNet2M2,BUG_BCG,5,0,WPLR,BCG Lev Num = 5;
14362,2022,FISH,2016,fish1passAllSp,FISH_BCG,5,0,ABM,BCG Lev Num =  5
14363,2022,FISH,2018,fish1passAllSp,FISH_BCG,4,0,ABM,BCG Lev Num =  4
14366,2022,BUG,2020,KickNet2M2,BUG_BCG,4,0,WPLR,BCG Lev Num = 4;
14370,2022,BUG,2016,KickNet2M2,BUG_BCG,5,0,WPLR,BCG Lev Num = 5;
14370,2022,BUG,2019,KickNet2M2,BUG_BCG,5,0,WPLR,BCG Lev Num = 5;
14370,2022,BUG,2020,KickNet2M2,BUG_BCG,5,1,WPLR,BCG Lev Num = 4.57740586903764; BCG Mem < 0.75
14370,2022,FISH,2019,1PassAllSpecies,FISH_BCG,4,1,IFD,BCG Lev Num =  3.78;  >= 200 Sample Length   
14377,2022,FISH,2017,fish1passAllSp,FISH_BCG,4,0,ABM,BCG Lev Num =  4
14390,2022,BUG,2017,KickNet2M2,BUG_BCG,4,0,WPLR,BCG Lev Num = 4;
14390,2022,FISH,2017,fish1passAllSp,FISH_BCG,4,0,ABM,BCG Lev Num =  4
14392,2022,FISH,2017,fish1passAllSp,FISH_BCG,4,2,ABM,BCG Lev Num =  4; >= 200 Sample Length; DA <0.45
14392,2022,BUG,2017,KickNet2M2,BUG_BCG,5,0,WPLR,BCG Lev Num = 5;
14392,2022,BUG,2018,KickNet2M2,BUG_BCG,5,0,WPLR,BCG Lev Num = 5;
14394,2022,BUG,2016,KickNet2M2,BUG_BCG,5,0,WPLR,BCG Lev Num = 5;
14396,2022,FISH,2017,fish1passAllSp,FISH_BCG,4,0,ABM,BCG Lev Num =  4
14396,2022,FISH,2018,fish1passAllSpZones,FISH_BCG,4,0,ABM,BCG Lev Num =  4
14396,2022,FISH,2018,fish1passAllSpZones,FISH_BCG,4,0,ABM,BCG Lev Num =  4
14396,2022,FISH,2018,fish1passAllSpZones,FISH_BCG,4,1,ABM,BCG Lev Num =  4.41; Mem < 0.75 
14402,2022,FISH,2019,1PassAllSpecies,FISH_BCG,4,0,IFD,BCG Lev Num =  4;     
14404,2022,BUG,2016,KickNet2M2,BUG_BCG,3,0,WPLR,BCG Lev Num = 3.06694561991632;
14409,2022,BUG,2016,KickNet2M2,BUG_BCG,4,1,WPLR,BCG Lev Num = 4.37962963148148; BCG Mem < 0.75
14410,2022,BUG,2017,KickNet2M2,BUG_BCG,4,0,WPLR,BCG Lev Num = 4;
14410,2022,FISH,2017,1PassAllSpecies,FISH_BCG,5,1,IFD,BCG Lev Num =  5    DA < 0.45
14410,2022,BUG,2018,KickNet2M2,BUG_BCG,4,0,WPLR,BCG Lev Num = 4;
14413,2022,FISH,2018,fish1passAllSp,FISH_BCG,4,0,ABM,BCG Lev Num =  4.06
14413,2022,BUG,2018,KickNet2M2,BUG_BCG,5,0,WPLR,BCG Lev Num = 5;
14413,2022,BUG,2016,KickNet2M2,BUG_BCG,5,0,WPLR,BCG Lev Num = 5;
14413,2022,FISH,2021,1PassAllSpecies,FISH_BCG,4,1,IFD,BCG Lev Num =  3.75;  >= 200 Sample Length   
14413,2022,FISH,2017,1PassAllSpecies,FISH_BCG,4,1,IFD,BCG Lev Num =  4 >= 200 Sample Length   
14413,2022,BUG,2017,KickNet2M2,BUG_BCG,5,0,WPLR,BCG Lev Num = 5;
14414,2022,BUG,2017,KickNet2M2,BUG_BCG,5,0,WPLR,BCG Lev Num = 5;
14414,2022,BUG,2018,KickNet2M2,BUG_BCG,5,0,WPLR,BCG Lev Num = 5;
14414,2022,FISH,2018,fish1passAllSp,FISH_BCG,4,0,ABM,BCG Lev Num =  4
14414,2022,BUG,2016,KickNet2M2,BUG_BCG,5,0,WPLR,BCG Lev Num = 5;
14433,2022,FISH,2017,fish1passAllSp,FISH_BCG,3,1,ABM,BCG Lev Num =  3.33; Mem < 0.75 
14438,2022,FISH,2019,1PassAllSpecies,FISH_BCG,2,0,IFD,BCG Lev Num =  2.25;     
14439,2022,BUG,2016,KickNet2M2,BUG_BCG,4,0,WPLR,BCG Lev Num = 4;
14441,2022,BUG,2016,KickNet2M2,BUG_BCG,2,0,WPLR,BCG Lev Num = 2.2;
14441,2022,BUG,2017,KickNet2M2,BUG_BCG,2,1,WPLR,BCG Lev Num = 2.5; BCG Mem < 0.75
14441,2022,BUG,2018,KickNet2M2,BUG_BCG,2,0,WPLR,BCG Lev Num = 2.15116278860466;
14442,2022,BUG,2017,KickNet2M2,BUG_BCG,3,0,WPLR,BCG Lev Num = 3.21301774556213;
14442,2022,BUG,2018,KickNet2M2,BUG_BCG,3,0,WPLR,BCG Lev Num = 2.97619048761904;
14442,2022,BUG,2016,KickNet2M2,BUG_BCG,2,1,WPLR,BCG Lev Num = 2.35714286571428; BCG Mem < 0.75
14442,2022,FISH,2017,fish1passAllSp,FISH_BCG,3,1,ABM,BCG Lev Num =  2.56; Mem < 0.75 
14444,2022,BUG,2017,KickNet2M2,BUG_BCG,3,0,WPLR,BCG Lev Num = 3;
14444,2022,BUG,2018,KickNet2M2,BUG_BCG,3,1,WPLR,BCG Lev Num = 3.5; BCG Mem < 0.75
14444,2022,BUG,2016,KickNet2M2,BUG_BCG,4,0,WPLR,BCG Lev Num = 4;
14445,2022,BUG,2016,KickNet2M2,BUG_BCG,4,0,WPLR,BCG Lev Num = 4;
14450,2022,BUG,2016,KickNet2M2,BUG_BCG,4,0,WPLR,BCG Lev Num = 4;
14450,2022,BUG,2017,KickNet2M2,BUG_BCG,3,0,WPLR,BCG Lev Num = 3;
14450,2022,BUG,2018,KickNet2M2,BUG_BCG,4,0,WPLR,BCG Lev Num = 4;
14451,2022,BUG,2017,KickNet2M2,BUG_BCG,4,0,WPLR,BCG Lev Num = 3.83646114198392;
14451,2022,BUG,2018,KickNet2M2,BUG_BCG,4,0,WPLR,BCG Lev Num = 4;
14456,2022,BUG,2017,KickNet2M2,BUG_BCG,5,0,WPLR,BCG Lev Num = 5;
14456,2022,BUG,2018,KickNet2M2,BUG_BCG,5,0,WPLR,BCG Lev Num = 5;
14456,2022,BUG,2020,KickNet2M2,BUG_BCG,5,0,WPLR,BCG Lev Num = 5;
14456,2022,FISH,2016,1PassAllSpecies,FISH_BCG,4,1,IFD,BCG Lev Num =  4 >= 200 Sample Length   
14456,2022,BUG,2016,KickNet2M2,BUG_BCG,5,0,WPLR,BCG Lev Num = 5;
14458,2022,BUG,2016,KickNet2M2,BUG_BCG,5,0,WPLR,BCG Lev Num = 5;
14458,2022,BUG,2017,KickNet2M2,BUG_BCG,5,0,WPLR,BCG Lev Num = 5;
14458,2022,BUG,2018,KickNet2M2,BUG_BCG,5,0,WPLR,BCG Lev Num = 5;
14461,2022,FISH,2017,fish1passAllSp,FISH_BCG,3,1,ABM,BCG Lev Num =  3.41; Mem < 0.75 
14461,2022,BUG,2018,KickNet2M2,BUG_BCG,3,0,WPLR,BCG Lev Num = 3;
14461,2022,BUG,2017,KickNet2M2,BUG_BCG,4,0,WPLR,BCG Lev Num = 4;
14470,2022,BUG,2018,KickNet2M2,BUG_BCG,2,0,WPLR,BCG Lev Num = 2.20588234411764;
14470,2022,FISH,2018,fish1passAllSp,FISH_BCG,3,0,ABM,BCG Lev Num =  3
14470,2022,FISH,2016,fish1passAllSp,FISH_BCG,3,0,ABM,BCG Lev Num =  3.04
14470,2022,BUG,2016,KickNet2M2,BUG_BCG,4,1,WPLR,BCG Lev Num = 3.73640165907949; BCG Mem < 0.75
14470,2022,BUG,2017,KickNet2M2,BUG_BCG,3,0,WPLR,BCG Lev Num = 3;
14470,2022,BUG,2019,KickNet2M2,BUG_BCG,3,0,WPLR,BCG Lev Num = 3.01895736208532;
14471,2022,BUG,2016,KickNet2M2,BUG_BCG,4,1,WPLR,BCG Lev Num = 3.54822334923857; BCG Mem < 0.75
14473,2022,FISH,2018,fish1passAllSp,FISH_BCG,4,0,ABM,BCG Lev Num =  3.98
14474,2022,FISH,2019,1PassAllSpecies,FISH_BCG,4,0,IFD,BCG Lev Num =  4;     
14479,2022,FISH,2017,fish1passAllSp,FISH_BCG,4,0,ABM,BCG Lev Num =  3.98
14482,2022,BUG,2016,KickNet2M2,BUG_BCG,5,0,WPLR,BCG Lev Num = 5;
14482,2022,FISH,2016,fish1passAllSp,FISH_BCG,3,0,ABM,BCG Lev Num =  3
14484,2022,BUG,2017,KickNet2M2,BUG_BCG,2,1,WPLR,BCG Lev Num = 2.79591836108845; BCG Mem < 0.75
14488,2022,FISH,2016,fish1passAllSp,FISH_BCG,3,0,ABM,BCG Lev Num =  3
14488,2022,BUG,2016,KickNet2M2,BUG_BCG,3,1,WPLR,BCG Lev Num = 3.5; BCG Mem < 0.75
14501,2022,FISH,2017,fish1passAllSp,FISH_BCG,5,1,ABM,BCG Lev Num =  4.625; Mem < 0.75 
14520,2022,BUG,2016,KickNet2M2,BUG_BCG,5,0,WPLR,BCG Lev Num = 5;
14551,2022,FISH,2017,fish1passAllSp,FISH_BCG,4,0,ABM,BCG Lev Num =  4
14553,2022,FISH,2018,fish1passAllSp,FISH_BCG,4,1,ABM,BCG Lev Num =  4.43; Mem < 0.75 
14554,2022,FISH,2018,fish1passAllSp,FISH_BCG,4,0,ABM,BCG Lev Num =  4
14555,2022,BUG,2016,KickNet2M2,BUG_BCG,5,1,WPLR,BCG Lev Num = 4.55769231923076; BCG Mem < 0.75
14556,2022,BUG,2020,KickNet2M2,BUG_BCG,5,0,WPLR,BCG Lev Num = 5;
14580,2022,FISH,2019,fish1passAllSp,FISH_BCG,4,0,ABM,BCG Lev Num =  4
14580,2022,BUG,2019,KickNet2M2,BUG_BCG,4,1,WPLR,BCG Lev Num = 4.30188678018868; BCG Mem < 0.75
14581,2022,FISH,2019,fish1passAllSp,FISH_BCG,4,0,ABM,BCG Lev Num =  4
14581,2022,BUG,2017,KickNet2M2,BUG_BCG,4,0,WPLR,BCG Lev Num = 4;
14581,2022,BUG,2018,KickNet2M2,BUG_BCG,4,0,WPLR,BCG Lev Num = 4;
14581,2022,BUG,2019,KickNet2M2,BUG_BCG,4,0,WPLR,BCG Lev Num = 4;
14584,2022,BUG,2017,KickNet2M2,BUG_BCG,3,0,WPLR,BCG Lev Num = 3;
14584,2022,BUG,2018,KickNet2M2,BUG_BCG,2,1,WPLR,BCG Lev Num = 2.5; BCG Mem < 0.75
14605,2022,BUG,2018,KickNet2M2,BUG_BCG,5,0,WPLR,BCG Lev Num = 5;
14605,2022,BUG,2017,KickNet2M2,BUG_BCG,4,0,WPLR,BCG Lev Num = 4;
14605,2022,BUG,2016,KickNet2M2,BUG_BCG,3,1,WPLR,BCG Lev Num = 3.5; BCG Mem < 0.75
14605,2022,FISH,2019,1PassAllSpecies,FISH_BCG,3,0,IFD,BCG Lev Num =  3;     
14627,2022,FISH,2019,1PassAllSpecies,FISH_BCG,3,0,IFD,BCG Lev Num =  3.25;     
14669,2022,BUG,2017,KickNet2M2,BUG_BCG,5,1,WPLR,BCG Lev Num = 4.60805861776556; BCG Mem < 0.75
14686,2022,FISH,2016,fish1passAllSp,FISH_BCG,4,0,ABM,BCG Lev Num =  3.75
14686,2022,BUG,2016,KickNet2M2,BUG_BCG,5,0,WPLR,BCG Lev Num = 5;
14687,2022,BUG,2016,KickNet2M2,BUG_BCG,5,1,WPLR,BCG Lev Num = 4.51694913983052; BCG Mem < 0.75
14687,2022,FISH,2016,fish1passAllSp,FISH_BCG,4,0,ABM,BCG Lev Num =  4
14706,2022,FISH,2018,fish1passAllSp,FISH_BCG,3,1,ABM,BCG Lev Num =  3.69; Mem < 0.75 
14706,2022,BUG,2017,KickNet2M2,BUG_BCG,4,0,WPLR,BCG Lev Num = 4;
14706,2022,BUG,2018,KickNet2M2,BUG_BCG,4,0,WPLR,BCG Lev Num = 3.91542290328358;
14711,2022,BUG,2020,KickNet2M2,BUG_BCG,4,0,WPLR,BCG Lev Num = 4;
14711,2022,BUG,2016,KickNet2M2,BUG_BCG,5,0,WPLR,BCG Lev Num = 5;
14711,2022,FISH,2016,fish1passAllSp,FISH_BCG,4,0,ABM,BCG Lev Num =  4
14712,2022,FISH,2016,fish1passAllSp,FISH_BCG,3,0,ABM,BCG Lev Num =  3.10
14712,2022,BUG,2016,KickNet2M2,BUG_BCG,4,0,WPLR,BCG Lev Num = 4;
14713,2022,FISH,2017,fish1passAllSp,FISH_BCG,3,0,ABM,BCG Lev Num =  3.25
14718,2022,FISH,2018,1PassAllSpecies,FISH_BCG,5,1,IFD,BCG Lev Num =  5.17;   <20 Fish Cnt  
14720,2022,FISH,2019,fish1passAllSp,FISH_BCG,2,1,ABM,BCG Lev Num =  1.75; <100 Sample Length
14720,2022,BUG,2016,KickNet2M2,BUG_BCG,2,0,WPLR,BCG Lev Num = 2.11538462923076;
14720,2022,BUG,2017,KickNet2M2,BUG_BCG,4,1,WPLR,BCG Lev Num = 3.52173912869566; BCG Mem < 0.75
14720,2022,BUG,2018,KickNet2M2,BUG_BCG,3,0,WPLR,BCG Lev Num = 3;
14720,2022,BUG,2019,KickNet2M2,BUG_BCG,3,0,WPLR,BCG Lev Num = 3;
14727,2022,BUG,2016,KickNet2M2,BUG_BCG,4,0,WPLR,BCG Lev Num = 4;
14727,2022,FISH,2016,fish1passAllSp,FISH_BCG,6,1,ABM,BCG Lev Num =  5.61; Mem < 0.75 
14731,2022,FISH,2018,1PassAllSpecies,FISH_BCG,3,0,IFD,BCG Lev Num =  3;     
14740,2022,BUG,2016,KickNet2M2,BUG_BCG,3,0,WPLR,BCG Lev Num = 3;
14740,2022,FISH,2016,fish1passAllSp,FISH_BCG,3,1,ABM,BCG Lev Num =  3.5; Mem < 0.75 
14740,2022,BUG,2018,KickNet2M2,BUG_BCG,3,0,WPLR,BCG Lev Num = 3;
14741,2022,FISH,2016,fish1passAllSp,FISH_BCG,3,1,ABM,BCG Lev Num =  3.5; Mem < 0.75 
14741,2022,BUG,2016,KickNet2M2,BUG_BCG,3,1,WPLR,BCG Lev Num = 3.5; BCG Mem < 0.75
14773,2022,FISH,2019,fish1passAllSp,FISH_BCG,4,0,ABM,BCG Lev Num =  4
14773,2022,BUG,2019,KickNet2M2,BUG_BCG,5,0,WPLR,BCG Lev Num = 5.25;
14792,2022,FISH,2016,fish1passAllSp,FISH_BCG,3,0,ABM,BCG Lev Num =  3
14799,2022,BUG,2020,KickNet2M2,BUG_BCG,5,0,WPLR,BCG Lev Num = 5;
14800,2022,BUG,2017,KickNet2M2,BUG_BCG,4,0,WPLR,BCG Lev Num = 4;
14800,2022,FISH,2019,1PassAllSpecies,FISH_BCG,4,0,IFD,BCG Lev Num =  4;     
14800,2022,BUG,2018,KickNet2M2,BUG_BCG,5,0,WPLR,BCG Lev Num = 4.96551723448276;
14800,2022,BUG,2016,KickNet2M2,BUG_BCG,5,0,WPLR,BCG Lev Num = 5;
14800,2022,FISH,2016,1PassAllSpecies,FISH_BCG,5,0,IFD,BCG Lev Num =  5    
14800,2022,BUG,2020,KickNet2M2,BUG_BCG,5,0,WPLR,BCG Lev Num = 4.99521530598088;
14813,2022,FISH,2018,1PassAllSpecies,FISH_BCG,2,1,IFD,BCG Lev Num =  2;  >= 200 Sample Length   
14813,2022,BUG,2016,KickNet2M2,BUG_BCG,3,1,WPLR,BCG Lev Num = 3.5; BCG Mem < 0.75
14813,2022,FISH,2016,fish1passAllSp,FISH_BCG,2,1,ABM,BCG Lev Num =  2.37; Mem < 0.75 
14825,2022,BUG,2018,KickNet2M2,BUG_BCG,5,0,WPLR,BCG Lev Num = 5;
14825,2022,BUG,2019,KickNet2M2,BUG_BCG,5,0,WPLR,BCG Lev Num = 5;
14825,2022,BUG,2017,KickNet2M2,BUG_BCG,5,0,WPLR,BCG Lev Num = 4.83817425456432;
14828,2022,BUG,2017,KickNet2M2,BUG_BCG,3,0,WPLR,BCG Lev Num = 3.10169493423728;
14828,2022,BUG,2018,KickNet2M2,BUG_BCG,4,1,WPLR,BCG Lev Num = 3.63677129865471; BCG Mem < 0.75
14840,2022,FISH,2017,fish1passAllSp,FISH_BCG,3,0,ABM,BCG Lev Num =  3
14863,2022,FISH,2019,1PassAllSpecies,FISH_BCG,1,0,IFD,BCG Lev Num =  1;     
14863,2022,FISH,2017,1PassAllSpecies,FISH_BCG,2,1,IFD,BCG Lev Num =  2  <20 Fish Cnt  
14880,2022,BUG,2016,KickNet2M2,BUG_BCG,3,0,WPLR,BCG Lev Num = 3;
14880,2022,FISH,2019,1PassAllSpecies,FISH_BCG,1,0,IFD,BCG Lev Num =  1;     
14880,2022,FISH,2016,1PassAllSpecies,FISH_BCG,1,0,IFD,BCG Lev Num =  1    
14888,2022,FISH,2019,1PassAllSpecies,FISH_BCG,4,1,IFD,BCG Lev Num =  4;  < 100 Sample Length   
14983,2022,FISH,2017,fish1passAllSp,FISH_BCG,4,0,ABM,BCG Lev Num =  4
15001,2022,FISH,2017,fish1passAllSp,FISH_BCG,3,0,ABM,BCG Lev Num =  3
15004,2022,BUG,2016,KickNet2M2,BUG_BCG,5,1,WPLR,BCG Lev Num = 4.66108788556484; BCG Mem < 0.75
15005,2022,FISH,2016,fish1passAllSp,FISH_BCG,3,0,ABM,BCG Lev Num =  3
15013,2022,BUG,2016,KickNet2M2,BUG_BCG,4,0,WPLR,BCG Lev Num = 4;
15016,2022,FISH,2019,1PassAllSpecies,FISH_BCG,4,0,IFD,BCG Lev Num =  3.75;     
15020,2022,BUG,2017,KickNet2M2,BUG_BCG,4,0,WPLR,BCG Lev Num = 4;
15020,2022,FISH,2017,fish1passAllSp,FISH_BCG,3,0,ABM,BCG Lev Num =  3.25
15020,2022,BUG,2018,KickNet2M2,BUG_BCG,4,0,WPLR,BCG Lev Num = 3.93396224754718;
15023,2022,FISH,2018,fish1passAllSp,FISH_BCG,4,1,ABM,BCG Lev Num =  4; >= 200 Sample Length
15024,2022,FISH,2018,1PassAllSpecies,FISH_BCG,4,0,IFD,BCG Lev Num =  4;     
15035,2022,FISH,2019,1PassAllSpecies,FISH_BCG,3,0,IFD,BCG Lev Num =  3;     
15035,2022,FISH,2016,fish1passAllSp,FISH_BCG,3,0,ABM,BCG Lev Num =  3.25
15035,2022,BUG,2016,KickNet2M2,BUG_BCG,3,0,WPLR,BCG Lev Num = 2.88461537076924;
15042,2022,FISH,2018,1PassAllSpecies,FISH_BCG,2,1,IFD,BCG Lev Num =  2.29;    Mem < 0.75 
15043,2022,BUG,2016,KickNet2M2,BUG_BCG,3,0,WPLR,BCG Lev Num = 3;
15046,2022,FISH,2017,fish1passAllSp,FISH_BCG,3,0,ABM,BCG Lev Num =  2.83
15057,2022,FISH,2019,1PassAllSpecies,FISH_BCG,4,1,IFD,BCG Lev Num =  3.75;  >= 200 Sample Length   
15062,2022,FISH,2019,1PassAllSpecies,FISH_BCG,2,0,IFD,BCG Lev Num =  2;     
15079,2022,BUG,2020,KickNet2M2,BUG_BCG,5,0,WPLR,BCG Lev Num = 5;
15092,2022,BUG,2018,KickNet2M2,BUG_BCG,3,0,WPLR,BCG Lev Num = 3;
15102,2022,BUG,2016,KickNet2M2,BUG_BCG,5,1,WPLR,BCG Lev Num = 4.6283185637168; BCG Mem < 0.75
15105,2022,FISH,2017,1PassAllSpecies,FISH_BCG,3,1,IFD,BCG Lev Num =  3.34;    Mem < 0.75 
15124,2022,FISH,2016,1PassAllSpecies,FISH_BCG,5,0,IFD,BCG Lev Num =  5;     
15128,2022,FISH,2018,1PassAllSpecies,FISH_BCG,3,0,IFD,BCG Lev Num =  2.82;     
15128,2022,FISH,2019,1PassAllSpecies,FISH_BCG,3,0,IFD,BCG Lev Num =  3;     
15136,2022,BUG,2019,KickNet2M2,BUG_BCG,5,0,WPLR,BCG Lev Num = 4.99628253847584;
15136,2022,FISH,2019,fish1passAllSp,FISH_BCG,5,0,ABM,BCG Lev Num =  5
15171,2022,FISH,2017,fish1passAllSp,FISH_BCG,3,0,ABM,BCG Lev Num =  3.25
15179,2022,FISH,2019,1PassAllSpecies,FISH_BCG,3,0,IFD,BCG Lev Num =  2.93;     
15201,2022,FISH,2016,fish1passAllSp,FISH_BCG,4,1,ABM,BCG Lev Num =  4; <100 Sample Length
15221,2022,FISH,2017,fish1passAllSp,FISH_BCG,4,0,ABM,BCG Lev Num =  3.91
15225,2022,FISH,2018,1PassAllSpecies,FISH_BCG,2,0,IFD,BCG Lev Num =  2.25;     
15239,2022,BUG,2016,KickNet2M2,BUG_BCG,4,0,WPLR,BCG Lev Num = 4;
15239,2022,FISH,2016,fish1passAllSp,FISH_BCG,5,1,ABM,BCG Lev Num =  5; <100 Sample Length
15240,2022,BUG,2017,KickNet2M2,BUG_BCG,3,0,WPLR,BCG Lev Num = 3;
15240,2022,BUG,2018,KickNet2M2,BUG_BCG,2,0,WPLR,BCG Lev Num = 2;
15240,2022,BUG,2016,KickNet2M2,BUG_BCG,3,0,WPLR,BCG Lev Num = 3;
15269,2022,FISH,2016,1PassAllSpecies,FISH_BCG,4,0,IFD,BCG Lev Num =  4;     
15274,2022,FISH,2018,fish1passAllSp,FISH_BCG,4,1,ABM,BCG Lev Num =  4.33; Mem < 0.75 
15274,2022,BUG,2018,KickNet2M2,BUG_BCG,4,0,WPLR,BCG Lev Num = 4;
15294,2022,FISH,2019,fish1passAllSp,FISH_BCG,4,0,ABM,BCG Lev Num =  4
15294,2022,BUG,2019,KickNet2M2,BUG_BCG,5,0,WPLR,BCG Lev Num = 5;
15301,2022,FISH,2019,fish1passAllSp,FISH_BCG,2,1,ABM,BCG Lev Num =  1.83; <20 Fish Cnt
15301,2022,BUG,2019,KickNet2M2,BUG_BCG,5,0,WPLR,BCG Lev Num = 5;
15304,2022,FISH,2019,fish1passAllSp,FISH_BCG,3,0,ABM,BCG Lev Num =  3
15304,2022,BUG,2019,KickNet2M2,BUG_BCG,4,1,WPLR,BCG Lev Num = 3.70781892987655; BCG Mem < 0.75
15307,2022,FISH,2016,fish1passAllSp,FISH_BCG,5,2,ABM,BCG Lev Num =  5; <20 Fish Cnt; DA <0.45
15308,2022,FISH,2016,1PassAllSpecies,FISH_BCG,3,1,IFD,BCG Lev Num =  3.5;  >= 200 Sample Length  Mem < 0.75 
15312,2022,BUG,2016,KickNet2M2,BUG_BCG,4,0,WPLR,BCG Lev Num = 3.7741935548387;
15312,2022,FISH,2018,fish1passAllSp,FISH_BCG,3,0,ABM,BCG Lev Num =  3
15312,2022,FISH,2016,fish1passAllSp,FISH_BCG,1,1,ABM,BCG Lev Num =  1; <100 Sample Length
15315,2022,FISH,2018,fish1passAllSp,FISH_BCG,4,2,ABM,BCG Lev Num =  3.59; Mem < 0.75 ; <100 Sample Length
15315,2022,FISH,2016,fish1passAllSp,FISH_BCG,3,1,ABM,BCG Lev Num =  3; <100 Sample Length
15315,2022,BUG,2016,KickNet2M2,BUG_BCG,3,0,WPLR,BCG Lev Num = 2.83333332333334;
15333,2022,FISH,2017,fish1passAllSp,FISH_BCG,4,0,ABM,BCG Lev Num =  4
15357,2022,FISH,2016,fish1passAllSp,FISH_BCG,4,0,ABM,BCG Lev Num =  4
15357,2022,BUG,2016,KickNet2M2,BUG_BCG,5,0,WPLR,BCG Lev Num = 5;
15397,2022,BUG,2020,KickNet2M2,BUG_BCG,4,1,WPLR,BCG Lev Num = 4.30845770422884; BCG Mem < 0.75
15406,2022,FISH,2017,fish1passAllSp,FISH_BCG,3,0,ABM,BCG Lev Num =  2.75
15413,2022,FISH,2017,fish1passAllSp,FISH_BCG,4,1,ABM,BCG Lev Num =  4; <100 Sample Length
15414,2022,FISH,2018,fish1passAllSp,FISH_BCG,4,0,ABM,BCG Lev Num =  4
15479,2022,BUG,2018,KickNet2M2,BUG_BCG,5,0,WPLR,BCG Lev Num = 5;
15479,2022,BUG,2017,KickNet2M2,BUG_BCG,5,0,WPLR,BCG Lev Num = 5;
15479,2022,BUG,2016,KickNet2M2,BUG_BCG,5,0,WPLR,BCG Lev Num = 5;
15499,2022,BUG,2018,KickNet2M2,BUG_BCG,2,1,WPLR,BCG Lev Num = 2.6313363907834; BCG Mem < 0.75
15499,2022,BUG,2017,KickNet2M2,BUG_BCG,4,0,WPLR,BCG Lev Num = 4;
15499,2022,BUG,2016,KickNet2M2,BUG_BCG,3,1,WPLR,BCG Lev Num = 2.62820513358974; BCG Mem < 0.75
15499,2022,FISH,2018,fish1passAllSp,FISH_BCG,2,0,ABM,BCG Lev Num =  2.08
15499,2022,BUG,2019,KickNet2M2,BUG_BCG,2,0,WPLR,BCG Lev Num = 2.22317597866952;
15505,2022,FISH,2016,1PassAllSpecies,FISH_BCG,1,1,IFD,BCG Lev Num =  1.35;    Mem < 0.75 
15505,2022,FISH,2019,1PassAllSpecies,FISH_BCG,1,0,IFD,BCG Lev Num =  1;     
15506,2022,FISH,2019,1PassAllSpecies,FISH_BCG,4,0,IFD,BCG Lev Num =  4;     
15507,2022,FISH,2019,1PassAllSpecies,FISH_BCG,2,1,IFD,BCG Lev Num =  2.48;    Mem < 0.75 
15509,2022,FISH,2019,1PassAllSpecies,FISH_BCG,3,1,IFD,BCG Lev Num =  2.75;  >= 200 Sample Length   
15510,2022,FISH,2019,1PassAllSpecies,FISH_BCG,4,1,IFD,BCG Lev Num =  4;  >= 200 Sample Length   
15513,2022,FISH,2016,1PassAllSpecies,FISH_BCG,4,0,IFD,BCG Lev Num =  4;     
15516,2022,FISH,2018,1PassAllSpecies,FISH_BCG,3,0,IFD,BCG Lev Num =  3;     
15516,2022,FISH,2019,1PassAllSpecies,FISH_BCG,3,0,IFD,BCG Lev Num =  3;     
15516,2022,FISH,2017,1PassAllSpecies,FISH_BCG,3,1,IFD,BCG Lev Num =  2.52;    Mem < 0.75 
15529,2022,FISH,2016,1PassAllSpecies,FISH_BCG,2,0,IFD,BCG Lev Num =  2;     
15529,2022,BUG,2016,KickNet2M2,BUG_BCG,4,0,WPLR,BCG Lev Num = 4;
15530,2022,FISH,2018,fish1passAllSp,FISH_BCG,2,0,ABM,BCG Lev Num =  2.09
15530,2022,FISH,2016,fish1passAllSp,FISH_BCG,3,0,ABM,BCG Lev Num =  3.25
15530,2022,FISH,2019,1PassAllSpecies,FISH_BCG,5,0,IFD,BCG Lev Num =  5;     
15530,2022,BUG,2016,KickNet2M2,BUG_BCG,4,0,WPLR,BCG Lev Num = 4;
15530,2022,BUG,2017,KickNet2M2,BUG_BCG,4,0,WPLR,BCG Lev Num = 4;
15530,2022,BUG,2018,KickNet2M2,BUG_BCG,4,0,WPLR,BCG Lev Num = 4;
15530,2022,FISH,2018,1PassAllSpecies,FISH_BCG,5,1,IFD,BCG Lev Num =  5.41;  >= 200 Sample Length  Mem < 0.75 
15531,2022,BUG,2016,KickNet2M2,BUG_BCG,3,0,WPLR,BCG Lev Num = 3;
15577,2022,FISH,2019,1PassAllSpecies,FISH_BCG,4,0,IFD,BCG Lev Num =  3.75;     
15581,2022,BUG,2016,KickNet2M2,BUG_BCG,3,0,WPLR,BCG Lev Num = 3;
15581,2022,FISH,2016,fish1passAllSp,FISH_BCG,4,0,ABM,BCG Lev Num =  4
15592,2022,FISH,2017,fish1passAllSp,FISH_BCG,6,1,ABM,BCG Lev Num =  6; <20 Fish Cnt
15689,2022,BUG,2016,KickNet2M2,BUG_BCG,3,0,WPLR,BCG Lev Num = 3;
15703,2022,FISH,2019,1PassAllSpecies,FISH_BCG,4,0,IFD,BCG Lev Num =  4;     
15748,2022,FISH,2019,1PassAllSpecies,FISH_BCG,4,0,IFD,BCG Lev Num =  4;     
15761,2022,FISH,2017,1PassAllSpecies,FISH_BCG,3,0,IFD,BCG Lev Num =  3.36;     
15768,2022,FISH,2017,fish1passAllSp,FISH_BCG,4,0,ABM,BCG Lev Num =  4
15783,2022,FISH,2019,fish1passAllSp,FISH_BCG,3,0,ABM,BCG Lev Num =  3
15783,2022,BUG,2019,KickNet2M2,BUG_BCG,4,0,WPLR,BCG Lev Num = 4;
15796,2022,BUG,2017,KickNet2M2,BUG_BCG,3,0,WPLR,BCG Lev Num = 3;
15796,2022,BUG,2018,KickNet2M2,BUG_BCG,3,0,WPLR,BCG Lev Num = 3;
15796,2022,BUG,2019,KickNet2M2,BUG_BCG,3,0,WPLR,BCG Lev Num = 3;
15796,2022,FISH,2018,fish1passAllSp,FISH_BCG,3,0,ABM,BCG Lev Num =  2.75
15796,2022,FISH,2019,1PassAllSpecies,FISH_BCG,4,1,IFD,BCG Lev Num =  3.75;  < 100 Sample Length <20 Fish Cnt  
15796,2022,BUG,2016,KickNet2M2,BUG_BCG,3,0,WPLR,BCG Lev Num = 3;
15818,2022,FISH,2019,1PassAllSpecies,FISH_BCG,2,0,IFD,BCG Lev Num =  2;     
15825,2022,BUG,2017,KickNet2M2,BUG_BCG,4,0,WPLR,BCG Lev Num = 4;
15825,2022,BUG,2018,KickNet2M2,BUG_BCG,3,0,WPLR,BCG Lev Num = 3.15178569714287;
15839,2022,FISH,2016,1PassAllSpecies,FISH_BCG,3,1,IFD,BCG Lev Num =  3.39;   <20 Fish Cnt Mem < 0.75 
15886,2022,BUG,2016,KickNet2M2,BUG_BCG,4,0,WPLR,BCG Lev Num = 4;
15887,2022,FISH,2017,1PassAllSpecies,FISH_BCG,2,1,IFD,BCG Lev Num =  2.5;    Mem < 0.75 
15887,2022,FISH,2019,1PassAllSpecies,FISH_BCG,3,1,IFD,BCG Lev Num =  3.32;    Mem < 0.75 
15887,2022,FISH,2018,1PassAllSpecies,FISH_BCG,4,1,IFD,BCG Lev Num =  3.25;    Mem < 0.75 
15901,2022,FISH,2016,fish1passAllSp,FISH_BCG,4,0,ABM,BCG Lev Num =  4
15901,2022,BUG,2016,KickNet2M2,BUG_BCG,4,0,WPLR,BCG Lev Num = 3.86956522434785;
15964,2022,FISH,2017,fish1passAllSp,FISH_BCG,2,1,ABM,BCG Lev Num =  2.5; Mem < 0.75 
15988,2022,FISH,2018,1PassAllSpecies,FISH_BCG,4,0,IFD,BCG Lev Num =  4;     
15994,2022,FISH,2016,fish1passAllSp,FISH_BCG,2,1,ABM,BCG Lev Num =  2.28; Mem < 0.75 
15994,2022,BUG,2016,KickNet2M2,BUG_BCG,2,1,WPLR,BCG Lev Num = 2.3484848530303; BCG Mem < 0.75
15996,2022,BUG,2020,KickNet2M2,BUG_BCG,4,0,WPLR,BCG Lev Num = 4;
16028,2022,FISH,2019,1PassAllSpecies,FISH_BCG,4,0,IFD,BCG Lev Num =  4;     
16042,2022,FISH,2018,fish1passAllSp,FISH_BCG,5,0,ABM,BCG Lev Num =  5
16050,2022,BUG,2018,KickNet2M2,BUG_BCG,5,0,WPLR,BCG Lev Num = 5;
16062,2022,FISH,2019,fish1passAllSp,FISH_BCG,4,1,ABM,BCG Lev Num =  4.33; Mem < 0.75 
16066,2022,BUG,2017,KickNet2M2,BUG_BCG,5,1,WPLR,BCG Lev Num = 4.52739725890412; BCG Mem < 0.75
16076,2022,BUG,2016,KickNet2M2,BUG_BCG,4,1,WPLR,BCG Lev Num = 4.27027026891892; BCG Mem < 0.75
16080,2022,FISH,2017,fish1passAllSp,FISH_BCG,3,0,ABM,BCG Lev Num =  3
16082,2022,FISH,2017,fish1passAllSp,FISH_BCG,3,0,ABM,BCG Lev Num =  3
16089,2022,FISH,2017,fish1passAllSp,FISH_BCG,3,0,ABM,BCG Lev Num =  3
16095,2022,FISH,2017,1PassAllSpecies,FISH_BCG,4,0,IFD,BCG Lev Num =  4;     
16109,2022,FISH,2019,fish1passAllSp,FISH_BCG,3,1,ABM,BCG Lev Num =  3; <100 Sample Length
16110,2022,FISH,2018,fish1passAllSp,FISH_BCG,1,1,ABM,BCG Lev Num =  1.5; Mem < 0.75 
16110,2022,BUG,2016,KickNet2M2,BUG_BCG,4,0,WPLR,BCG Lev Num = 3.76190475428572;
16110,2022,BUG,2018,KickNet2M2,BUG_BCG,4,0,WPLR,BCG Lev Num = 4;
16110,2022,FISH,2016,fish1passAllSp,FISH_BCG,1,2,ABM,BCG Lev Num =  1.38; Mem < 0.75 ; <100 Sample Length
16110,2022,BUG,2017,KickNet2M2,BUG_BCG,4,0,WPLR,BCG Lev Num = 4;
16114,2022,BUG,2016,KickNet2M2,BUG_BCG,4,0,WPLR,BCG Lev Num = 4;
16114,2022,FISH,2019,1PassAllSpecies,FISH_BCG,4,0,IFD,BCG Lev Num =  3.75;     
16114,2022,FISH,2016,fish1passAllSp,FISH_BCG,3,0,ABM,BCG Lev Num =  3
16116,2022,FISH,2018,1PassAllSpecies,FISH_BCG,2,1,IFD,BCG Lev Num =  1.6;    Mem < 0.75 
16117,2022,FISH,2018,1PassAllSpecies,FISH_BCG,5,0,IFD,BCG Lev Num =  5.17;     
16119,2022,BUG,2017,KickNet2M2,BUG_BCG,3,0,WPLR,BCG Lev Num = 3;
16119,2022,FISH,2018,fish1passAllSp,FISH_BCG,3,0,ABM,BCG Lev Num =  3
16119,2022,FISH,2016,fish1passAllSp,FISH_BCG,4,1,ABM,BCG Lev Num =  4.33; Mem < 0.75 
16119,2022,BUG,2018,KickNet2M2,BUG_BCG,2,0,WPLR,BCG Lev Num = 2;
16119,2022,BUG,2016,KickNet2M2,BUG_BCG,2,1,WPLR,BCG Lev Num = 2.36486485027028; BCG Mem < 0.75
16121,2022,FISH,2017,fish1passAllSp,FISH_BCG,4,0,ABM,BCG Lev Num =  4
16124,2022,FISH,2018,fish1passAllSp,FISH_BCG,3,0,ABM,BCG Lev Num =  3.25
16124,2022,FISH,2016,fish1passAllSp,FISH_BCG,3,0,ABM,BCG Lev Num =  2.96
16124,2022,BUG,2016,KickNet2M2,BUG_BCG,2,1,WPLR,BCG Lev Num = 2.5; BCG Mem < 0.75
16124,2022,BUG,2018,KickNet2M2,BUG_BCG,3,0,WPLR,BCG Lev Num = 2.8;
16124,2022,BUG,2017,KickNet2M2,BUG_BCG,2,0,WPLR,BCG Lev Num = 2.09459458081082;
16126,2022,FISH,2019,1PassAllSpecies,FISH_BCG,3,0,IFD,BCG Lev Num =  3;     
16127,2022,BUG,2018,KickNet2M2,BUG_BCG,2,0,WPLR,BCG Lev Num = 2;
16127,2022,BUG,2016,KickNet2M2,BUG_BCG,3,0,WPLR,BCG Lev Num = 2.83333332333334;
16127,2022,FISH,2018,fish1passAllSp,FISH_BCG,3,1,ABM,BCG Lev Num =  2.696; Mem < 0.75 
16127,2022,FISH,2016,fish1passAllSp,FISH_BCG,2,1,ABM,BCG Lev Num =  1.625; Mem < 0.75 
16127,2022,BUG,2017,KickNet2M2,BUG_BCG,3,1,WPLR,BCG Lev Num = 2.6219512209756; BCG Mem < 0.75
16128,2022,FISH,2016,fish1passAllSp,FISH_BCG,4,0,ABM,BCG Lev Num =  4.06
16128,2022,FISH,2018,fish1passAllSp,FISH_BCG,4,0,ABM,BCG Lev Num =  3.75
16130,2022,FISH,2018,fish1passAllSp,FISH_BCG,6,0,ABM,BCG Lev Num =  6
16131,2022,BUG,2016,KickNet2M2,BUG_BCG,4,0,WPLR,BCG Lev Num = 4;
16135,2022,FISH,2018,fish1passAllSp,FISH_BCG,3,0,ABM,BCG Lev Num =  3
16139,2022,BUG,2017,KickNet2M2,BUG_BCG,3,0,WPLR,BCG Lev Num = 3;
16139,2022,BUG,2018,KickNet2M2,BUG_BCG,3,0,WPLR,BCG Lev Num = 3;
16139,2022,BUG,2016,KickNet2M2,BUG_BCG,3,0,WPLR,BCG Lev Num = 2.86585366292682;
16139,2022,BUG,2019,KickNet2M2,BUG_BCG,3,0,WPLR,BCG Lev Num = 3;
16141,2022,BUG,2016,KickNet2M2,BUG_BCG,4,0,WPLR,BCG Lev Num = 4;
16261,2022,BUG,2016,KickNet2M2,BUG_BCG,3,0,WPLR,BCG Lev Num = 3;
16265,2022,FISH,2019,1PassAllSpecies,FISH_BCG,3,0,IFD,BCG Lev Num =  2.82;     
16266,2022,FISH,2018,fish1passAllSp,FISH_BCG,4,0,ABM,BCG Lev Num =  4
16266,2022,FISH,2017,fish1passAllSp,FISH_BCG,5,1,ABM,BCG Lev Num =  4.63; Mem < 0.75 
16276,2022,FISH,2016,fish1passAllSp,FISH_BCG,5,0,ABM,BCG Lev Num =  5
16276,2022,BUG,2016,KickNet2M2,BUG_BCG,4,0,WPLR,BCG Lev Num = 4;
16292,2022,FISH,2017,1PassAllSpecies,FISH_BCG,3,0,IFD,BCG Lev Num =  3;     
16307,2022,FISH,2018,1PassAllSpecies,FISH_BCG,5,0,IFD,BCG Lev Num =  5;     
16311,2022,FISH,2017,fish1passAllSp,FISH_BCG,5,0,ABM,BCG Lev Num =  5
16312,2022,FISH,2017,fish1passAllSp,FISH_BCG,3,0,ABM,BCG Lev Num =  3
16313,2022,FISH,2017,fish1passAllSp,FISH_BCG,3,1,ABM,BCG Lev Num =  2.34; Mem < 0.75 
16316,2022,FISH,2017,fish1passAllSp,FISH_BCG,3,0,ABM,BCG Lev Num =  3.22
16324,2022,FISH,2017,fish1passAllSp,FISH_BCG,3,0,ABM,BCG Lev Num =  2.97
16330,2022,FISH,2019,1PassAllSpecies,FISH_BCG,2,0,IFD,BCG Lev Num =  2.25;     
16331,2022,FISH,2017,fish1passAllSp,FISH_BCG,5,1,ABM,BCG Lev Num =  4.29; Mem < 0.75 
16333,2022,FISH,2016,fish1passAllSp,FISH_BCG,4,0,ABM,BCG Lev Num =  4
16333,2022,BUG,2016,KickNet2M2,BUG_BCG,4,1,WPLR,BCG Lev Num = 4.30188678018868; BCG Mem < 0.75
16335,2022,BUG,2017,KickNet2M2,BUG_BCG,5,1,WPLR,BCG Lev Num = 4.52534561152072; BCG Mem < 0.75
16335,2022,BUG,2018,KickNet2M2,BUG_BCG,3,0,WPLR,BCG Lev Num = 3;
16335,2022,BUG,2016,KickNet2M2,BUG_BCG,4,1,WPLR,BCG Lev Num = 3.57657659027026; BCG Mem < 0.75
16335,2022,FISH,2016,fish1passAllSp,FISH_BCG,3,0,ABM,BCG Lev Num =  3
16336,2022,FISH,2017,fish1passAllSp,FISH_BCG,5,0,ABM,BCG Lev Num =  5
16370,2022,BUG,2016,KickNet2M2,BUG_BCG,3,1,WPLR,BCG Lev Num = 2.72727273545454; BCG Mem < 0.75
16370,2022,BUG,2017,KickNet2M2,BUG_BCG,2,1,WPLR,BCG Lev Num = 2.5; BCG Mem < 0.75
16370,2022,BUG,2018,KickNet2M2,BUG_BCG,3,0,WPLR,BCG Lev Num = 3;
16370,2022,FISH,2018,fish1passAllSp,FISH_BCG,4,1,ABM,BCG Lev Num =  4.33; Mem < 0.75 
16370,2022,FISH,2016,fish1passAllSp,FISH_BCG,4,1,ABM,BCG Lev Num =  4.33; Mem < 0.75 
16400,2022,FISH,2017,fish1passAllSp,FISH_BCG,4,0,ABM,BCG Lev Num =  3.98
16410,2022,FISH,2017,fish1passAllSp,FISH_BCG,3,1,ABM,BCG Lev Num =  2.86; <100 Sample Length
16420,2022,FISH,2019,1PassAllSpecies,FISH_BCG,5,0,IFD,BCG Lev Num =  5;     
16421,2022,FISH,2019,1PassAllSpecies,FISH_BCG,3,1,IFD,BCG Lev Num =  3.26;    Mem < 0.75 
16431,2022,FISH,2016,fish1passAllSp,FISH_BCG,2,0,ABM,BCG Lev Num =  2
16431,2022,BUG,2016,KickNet2M2,BUG_BCG,4,0,WPLR,BCG Lev Num = 4;
16451,2022,FISH,2019,1PassAllSpecies,FISH_BCG,3,0,IFD,BCG Lev Num =  3;     
16453,2022,FISH,2017,1PassAllSpecies,FISH_BCG,3,0,IFD,BCG Lev Num =  3.25;     
16467,2022,FISH,2018,1PassAllSpecies,FISH_BCG,5,0,IFD,BCG Lev Num =  5;     
16478,2022,FISH,2019,1PassAllSpecies,FISH_BCG,5,0,IFD,BCG Lev Num =  5;     
16479,2022,FISH,2016,1PassAllSpecies,FISH_BCG,6,1,IFD,BCG Lev Num =  6;   <20 Fish Cnt  
16502,2022,FISH,2016,fish1passAllSp,FISH_BCG,2,0,ABM,BCG Lev Num =  2
16502,2022,BUG,2016,KickNet2M2,BUG_BCG,2,0,WPLR,BCG Lev Num = 2;
16517,2022,FISH,2018,1PassAllSpecies,FISH_BCG,4,1,IFD,BCG Lev Num =  3.09;    Mem < 0.75 
16539,2022,FISH,2017,1PassAllSpecies,FISH_BCG,3,0,IFD,BCG Lev Num =  3;     
16540,2022,FISH,2017,1PassAllSpecies,FISH_BCG,5,1,IFD,BCG Lev Num =  5;  < 100 Sample Length   
16548,2022,FISH,2019,1PassAllSpecies,FISH_BCG,3,0,IFD,BCG Lev Num =  3.42;     
16548,2022,FISH,2018,1PassAllSpecies,FISH_BCG,3,0,IFD,BCG Lev Num =  3;     
16556,2022,FISH,2018,1PassAllSpecies,FISH_BCG,6,0,IFD,BCG Lev Num =  6;     
16572,2022,FISH,2019,1PassAllSpecies,FISH_BCG,5,0,IFD,BCG Lev Num =  5;     
16583,2022,FISH,2017,1PassAllSpecies,FISH_BCG,4,0,IFD,BCG Lev Num =  4;     
16597,2022,FISH,2019,1PassAllSpecies,FISH_BCG,3,0,IFD,BCG Lev Num =  3;     
16607,2022,FISH,2019,1PassAllSpecies,FISH_BCG,5,0,IFD,BCG Lev Num =  5.17;     
16610,2022,FISH,2019,1PassAllSpecies,FISH_BCG,4,1,IFD,BCG Lev Num =  4.33;    Mem < 0.75 
16614,2022,FISH,2016,1PassAllSpecies,FISH_BCG,4,0,IFD,BCG Lev Num =  4;     
16633,2022,FISH,2016,1PassAllSpecies,FISH_BCG,4,0,IFD,BCG Lev Num =  3.84;     
16649,2022,BUG,2019,KickNet2M2,BUG_BCG,5,0,WPLR,BCG Lev Num = 5;
16656,2022,BUG,2020,KickNet2M2,BUG_BCG,3,0,WPLR,BCG Lev Num = 3.09756099317072;
16656,2022,FISH,2021,1PassAllSpecies,FISH_BCG,4,0,IFD,BCG Lev Num =  4;     
16670,2022,FISH,2018,fish1passAllSp,FISH_BCG,5,0,ABM,BCG Lev Num =  5.17
16674,2022,FISH,2019,1PassAllSpecies,FISH_BCG,2,1,IFD,BCG Lev Num =  2;   <20 Fish Cnt  
16690,2022,FISH,2019,fish1passAllSp,FISH_BCG,3,0,ABM,BCG Lev Num =  3.25
16697,2022,FISH,2018,fish1passAllSp,FISH_BCG,1,0,ABM,BCG Lev Num =  1
16699,2022,FISH,2016,fish1passAllSp,FISH_BCG,3,0,ABM,BCG Lev Num =  3
16699,2022,FISH,2019,1PassAllSpecies,FISH_BCG,5,1,IFD,BCG Lev Num =  5;  < 100 Sample Length   
16702,2022,FISH,2019,1PassAllSpecies,FISH_BCG,5,0,IFD,BCG Lev Num =  5;     
16708,2022,FISH,2018,1PassAllSpecies,FISH_BCG,3,0,IFD,BCG Lev Num =  3.41;     
16714,2022,FISH,2016,1PassAllSpecies,FISH_BCG,3,0,IFD,BCG Lev Num =  3;     
16726,2022,FISH,2016,1PassAllSpecies,FISH_BCG,2,1,IFD,BCG Lev Num =  1.68;    Mem < 0.75 
16736,2022,FISH,2019,1PassAllSpecies,FISH_BCG,4,0,IFD,BCG Lev Num =  4;     
16748,2022,FISH,2018,1PassAllSpecies,FISH_BCG,3,0,IFD,BCG Lev Num =  3.01;     
16753,2022,FISH,2021,1PassAllSpecies,FISH_BCG,4,0,IFD,BCG Lev Num =  4;     
16759,2022,FISH,2019,fish1passAllSp,FISH_BCG,4,1,ABM,BCG Lev Num =  4.5; Mem < 0.75 
16762,2022,FISH,2018,1PassAllSpecies,FISH_BCG,4,0,IFD,BCG Lev Num =  4.11;     
16778,2022,FISH,2016,1PassAllSpecies,FISH_BCG,4,0,IFD,BCG Lev Num =  4;     
16778,2022,FISH,2019,1PassAllSpecies,FISH_BCG,4,0,IFD,BCG Lev Num =  4;     
16783,2022,FISH,2019,1PassAllSpecies,FISH_BCG,5,0,IFD,BCG Lev Num =  5;     
16787,2022,FISH,2016,1PassAllSpecies,FISH_BCG,3,0,IFD,BCG Lev Num =  3;     
16788,2022,FISH,2019,fish1passAllSp,FISH_BCG,5,0,ABM,BCG Lev Num =  5
16788,2022,BUG,2019,KickNet2M2,BUG_BCG,5,0,WPLR,BCG Lev Num = 5;
16795,2022,FISH,2019,1PassAllSpecies,FISH_BCG,4,0,IFD,BCG Lev Num =  4;     
16809,2022,FISH,2016,1PassAllSpecies,FISH_BCG,1,1,IFD,BCG Lev Num =  2.26;    Mem < 0.75 
16816,2022,FISH,2019,1PassAllSpecies,FISH_BCG,5,1,IFD,BCG Lev Num =  5.08;   <20 Fish Cnt  
16821,2022,FISH,2019,1PassAllSpecies,FISH_BCG,3,0,IFD,BCG Lev Num =  3.12;     
16834,2022,FISH,2017,fish1passAllSp,FISH_BCG,3,0,ABM,BCG Lev Num =  3
16835,2022,FISH,2016,1PassAllSpecies,FISH_BCG,4,0,IFD,BCG Lev Num =  4;     
16852,2022,FISH,2019,1PassAllSpecies,FISH_BCG,3,1,IFD,BCG Lev Num =  3.5;    Mem < 0.75 
16857,2022,FISH,2019,1PassAllSpecies,FISH_BCG,4,1,IFD,BCG Lev Num =  4;  < 100 Sample Length   
16860,2022,BUG,2016,KickNet2M2,BUG_BCG,3,0,WPLR,BCG Lev Num = 3;
16861,2022,FISH,2019,1PassAllSpecies,FISH_BCG,2,1,IFD,BCG Lev Num =  2.05;  < 100 Sample Length   
16863,2022,BUG,2017,KickNet2M2,BUG_BCG,2,0,WPLR,BCG Lev Num = 2.0652173873913;
16863,2022,FISH,2017,fish1passAllSp,FISH_BCG,3,0,ABM,BCG Lev Num =  3
16873,2022,BUG,2018,KickNet2M2,BUG_BCG,2,0,WPLR,BCG Lev Num = 2.16666667666666;
16873,2022,FISH,2018,fish1passAllSp,FISH_BCG,3,0,ABM,BCG Lev Num =  3.11
16884,2022,FISH,2019,1PassAllSpecies,FISH_BCG,3,1,IFD,BCG Lev Num =  2.54;    Mem < 0.75 
16897,2022,FISH,2019,1PassAllSpecies,FISH_BCG,6,1,IFD,BCG Lev Num =  6;   <20 Fish Cnt  
16900,2022,FISH,2018,1PassAllSpecies,FISH_BCG,5,1,IFD,BCG Lev Num =  5;     DA < 0.45
16909,2022,FISH,2019,1PassAllSpecies,FISH_BCG,5,1,IFD,BCG Lev Num =  5;   <20 Fish Cnt  
16916,2022,FISH,2018,1PassAllSpecies,FISH_BCG,4,1,IFD,BCG Lev Num =  4;  < 100 Sample Length   
16917,2022,FISH,2018,fish1passAllSp,FISH_BCG,5,0,ABM,BCG Lev Num =  5
16930,2022,FISH,2019,1PassAllSpecies,FISH_BCG,4,1,IFD,BCG Lev Num =  4.33;    Mem < 0.75 
16962,2022,FISH,2018,1PassAllSpecies,FISH_BCG,5,0,IFD,BCG Lev Num =  5;     
16962,2022,BUG,2017,KickNet2M2,BUG_BCG,4,0,WPLR,BCG Lev Num = 4;
16965,2022,FISH,2019,1PassAllSpecies,FISH_BCG,3,1,IFD,BCG Lev Num =  3;  >= 200 Sample Length   
16985,2022,FISH,2019,1PassAllSpecies,FISH_BCG,5,1,IFD,BCG Lev Num =  5;   <20 Fish Cnt  
16995,2022,FISH,2018,1PassAllSpecies,FISH_BCG,4,0,IFD,BCG Lev Num =  4;     
17003,2022,FISH,2016,1PassAllSpecies,FISH_BCG,4,0,IFD,BCG Lev Num =  4;     
17006,2022,FISH,2018,1PassAllSpecies,FISH_BCG,3,0,IFD,BCG Lev Num =  2.96;     
17012,2022,BUG,2020,KickNet2M2,BUG_BCG,5,0,WPLR,BCG Lev Num = 5;
17014,2022,FISH,2017,1PassAllSpecies,FISH_BCG,2,1,IFD,BCG Lev Num =  2;  < 100 Sample Length <20 Fish Cnt  
17018,2022,FISH,2016,1PassAllSpecies,FISH_BCG,4,0,IFD,BCG Lev Num =  4;     
17032,2022,FISH,2019,1PassAllSpecies,FISH_BCG,5,1,IFD,BCG Lev Num =  5;  >= 200 Sample Length   
17066,2022,FISH,2019,1PassAllSpecies,FISH_BCG,4,1,IFD,BCG Lev Num =  4;  >= 200 Sample Length   
17072,2022,FISH,2016,1PassAllSpecies,FISH_BCG,3,1,IFD,BCG Lev Num =  3.5;    Mem < 0.75 
17096,2022,FISH,2017,1PassAllSpecies,FISH_BCG,5,0,IFD,BCG Lev Num =  5;     
17110,2022,FISH,2017,1PassAllSpecies,FISH_BCG,3,0,IFD,BCG Lev Num =  3.06;     
17112,2022,FISH,2017,1PassAllSpecies,FISH_BCG,5,1,IFD,BCG Lev Num =  5;  < 100 Sample Length   
17121,2022,FISH,2019,1PassAllSpecies,FISH_BCG,3,0,IFD,BCG Lev Num =  3.03;     
17122,2022,FISH,2019,1PassAllSpecies,FISH_BCG,3,1,IFD,BCG Lev Num =  3;  < 100 Sample Length   
17124,2022,FISH,2016,fish1passAllSp,FISH_BCG,4,0,ABM,BCG Lev Num =  4
17141,2022,FISH,2018,1PassAllSpecies,FISH_BCG,5,1,IFD,BCG Lev Num =  5;  < 100 Sample Length   
17162,2022,FISH,2018,1PassAllSpecies,FISH_BCG,1,1,IFD,BCG Lev Num =  1;  < 100 Sample Length   
17167,2022,FISH,2019,1PassAllSpecies,FISH_BCG,3,0,IFD,BCG Lev Num =  3;     
17167,2022,FISH,2017,1PassAllSpecies,FISH_BCG,3,1,IFD,BCG Lev Num =  3.3;    Mem < 0.75 
17167,2022,FISH,2016,1PassAllSpecies,FISH_BCG,2,0,IFD,BCG Lev Num =  2.23;     
17167,2022,FISH,2018,1PassAllSpecies,FISH_BCG,3,0,IFD,BCG Lev Num =  3;     
17172,2022,FISH,2019,1PassAllSpecies,FISH_BCG,3,0,IFD,BCG Lev Num =  3;     
17186,2022,FISH,2017,1PassAllSpecies,FISH_BCG,4,0,IFD,BCG Lev Num =  4;     
17187,2022,FISH,2017,1PassAllSpecies,FISH_BCG,3,1,IFD,BCG Lev Num =  3.5;    Mem < 0.75 
17191,2022,FISH,2017,1PassAllSpecies,FISH_BCG,6,0,IFD,BCG Lev Num =  6;     
17206,2022,FISH,2019,1PassAllSpecies,FISH_BCG,3,1,IFD,BCG Lev Num =  3.27;    Mem < 0.75 
17210,2022,FISH,2019,1PassAllSpecies,FISH_BCG,3,0,IFD,BCG Lev Num =  3;     
17215,2022,FISH,2016,1PassAllSpecies,FISH_BCG,3,0,IFD,BCG Lev Num =  3;     
17283,2022,FISH,2019,1PassAllSpecies,FISH_BCG,5,0,IFD,BCG Lev Num =  5;     
17312,2022,FISH,2018,fish1passAllSp,FISH_BCG,5,1,ABM,BCG Lev Num =  4.01; Mem < 0.75 
17312,2022,FISH,2018,fish1passAllSp,FISH_BCG,5,0,ABM,BCG Lev Num =  5
17313,2022,FISH,2018,fish1passAllSpZones,FISH_BCG,5,0,ABM,BCG Lev Num =  5
17313,2022,FISH,2018,fish1passAllSpZones,FISH_BCG,5,0,ABM,BCG Lev Num =  5
17314,2022,FISH,2018,1PassAllSpecies,FISH_BCG,3,0,IFD,BCG Lev Num =  3;     
17321,2022,FISH,2019,fish1passAllSp,FISH_BCG,3,1,ABM,BCG Lev Num =  3.5; Mem < 0.75 
17324,2022,FISH,2019,fish1passAllSp,FISH_BCG,5,1,ABM,BCG Lev Num =  5; >= 200 Sample Length
17324,2022,BUG,2019,KickNet2M2,BUG_BCG,3,1,WPLR,BCG Lev Num = 3.41666667999999; BCG Mem < 0.75
17333,2022,FISH,2016,fish1passAllSp,FISH_BCG,3,0,ABM,BCG Lev Num =  3.25
17335,2022,FISH,2018,fish1passAllSp,FISH_BCG,5,0,ABM,BCG Lev Num =  5
17345,2022,FISH,2019,fish1passAllSp,FISH_BCG,4,0,ABM,BCG Lev Num =  4
17366,2022,BUG,2019,KickNet2M2,BUG_BCG,4,0,WPLR,BCG Lev Num = 4;
17366,2022,FISH,2019,fish1passAllSp,FISH_BCG,5,0,ABM,BCG Lev Num =  5
17393,2022,FISH,2019,1PassAllSpecies,FISH_BCG,3,0,IFD,BCG Lev Num =  2.75;     
17398,2022,FISH,2016,1PassAllSpecies,FISH_BCG,2,0,IFD,BCG Lev Num =  2;     
17405,2022,FISH,2016,fish1passAllSp,FISH_BCG,4,0,ABM,BCG Lev Num =  4.06
17414,2022,FISH,2017,1PassAllSpecies,FISH_BCG,3,1,IFD,BCG Lev Num =  3.38;    Mem < 0.75 
17414,2022,FISH,2018,1PassAllSpecies,FISH_BCG,3,1,IFD,BCG Lev Num =  3.36;    Mem < 0.75 
17414,2022,FISH,2019,1PassAllSpecies,FISH_BCG,4,1,IFD,BCG Lev Num =  3.69;    Mem < 0.75 
17434,2022,FISH,2016,1PassAllSpecies,FISH_BCG,6,1,IFD,BCG Lev Num =  6;  >= 200 Sample Length <20 Fish Cnt  
17434,2022,FISH,2017,1PassAllSpecies,FISH_BCG,6,1,IFD,BCG Lev Num =  6;   <20 Fish Cnt  
17434,2022,FISH,2018,1PassAllSpecies,FISH_BCG,5,1,IFD,BCG Lev Num =  5;   <20 Fish Cnt  
17434,2022,FISH,2019,1PassAllSpecies,FISH_BCG,5,1,IFD,BCG Lev Num =  5;   <20 Fish Cnt  
17436,2022,FISH,2018,1PassAllSpecies,FISH_BCG,3,1,IFD,BCG Lev Num =  3.6;    Mem < 0.75 
17436,2022,FISH,2016,1PassAllSpecies,FISH_BCG,3,0,IFD,BCG Lev Num =  3.29;     
17436,2022,FISH,2017,1PassAllSpecies,FISH_BCG,3,1,IFD,BCG Lev Num =  3.46;    Mem < 0.75 
17436,2022,FISH,2019,1PassAllSpecies,FISH_BCG,5,1,IFD,BCG Lev Num =  4.67;    Mem < 0.75 
17466,2022,FISH,2016,1PassAllSpecies,FISH_BCG,4,0,IFD,BCG Lev Num =  4;     
17529,2022,FISH,2017,1PassAllSpecies,FISH_BCG,5,0,IFD,BCG Lev Num =  5;     
17559,2022,FISH,2017,1PassAllSpecies,FISH_BCG,4,0,IFD,BCG Lev Num =  4.24;     
17583,2022,FISH,2016,1PassAllSpecies,FISH_BCG,4,0,IFD,BCG Lev Num =  4;     
17690,2022,FISH,2016,fish1passAllSp,FISH_BCG,4,0,ABM,BCG Lev Num =  4
17729,2022,FISH,2019,1PassAllSpecies,FISH_BCG,2,1,IFD,BCG Lev Num =  2.5;    Mem < 0.75 
17747,2022,FISH,2017,1PassAllSpecies,FISH_BCG,4,1,IFD,BCG Lev Num =  4;  >= 200 Sample Length   
17747,2022,FISH,2019,1PassAllSpecies,FISH_BCG,4,1,IFD,BCG Lev Num =  4;  >= 200 Sample Length   
17808,2022,FISH,2019,fish1passAllSp,FISH_BCG,3,0,ABM,BCG Lev Num =  3.14
17886,2022,FISH,2019,1PassAllSpecies,FISH_BCG,3,0,IFD,BCG Lev Num =  3.25;     
17990,2022,BUG,2016,KickNet2M2,BUG_BCG,3,1,WPLR,BCG Lev Num = 3.37362635912089; BCG Mem < 0.75
17992,2022,FISH,2017,fish1passAllSp,FISH_BCG,4,0,ABM,BCG Lev Num =  4
18009,2022,FISH,2018,1PassAllSpecies,FISH_BCG,4,1,IFD,BCG Lev Num =  4.33;  >= 200 Sample Length  Mem < 0.75 DA < 0.45
18050,2022,FISH,2016,1PassAllSpecies,FISH_BCG,4,0,IFD,BCG Lev Num =  4;     
18061,2022,FISH,2018,1PassAllSpecies,FISH_BCG,3,0,IFD,BCG Lev Num =  3.1;     
18061,2022,FISH,2019,1PassAllSpecies,FISH_BCG,3,0,IFD,BCG Lev Num =  2.97;     
18061,2022,FISH,2017,1PassAllSpecies,FISH_BCG,3,0,IFD,BCG Lev Num =  2.98;     
18062,2022,FISH,2019,1PassAllSpecies,FISH_BCG,4,1,IFD,BCG Lev Num =  3.25;    Mem < 0.75 
18062,2022,FISH,2017,1PassAllSpecies,FISH_BCG,2,1,IFD,BCG Lev Num =  2.28;    Mem < 0.75 
18062,2022,FISH,2018,1PassAllSpecies,FISH_BCG,4,0,IFD,BCG Lev Num =  3.75;     
18063,2022,FISH,2019,fish1passAllSp,FISH_BCG,1,0,ABM,BCG Lev Num =  1
18126,2022,FISH,2019,1PassAllSpecies,FISH_BCG,3,0,IFD,BCG Lev Num =  3;     
18127,2022,FISH,2018,1PassAllSpecies,FISH_BCG,3,0,IFD,BCG Lev Num =  3.25;     
18413,2022,BUG,2016,KickNet2M2,BUG_BCG,4,1,WPLR,BCG Lev Num = 3.66666667999999; BCG Mem < 0.75
18413,2022,FISH,2016,fish1passAllSp,FISH_BCG,5,0,ABM,BCG Lev Num =  5
18447,2022,FISH,2018,fish1passAllSp,FISH_BCG,3,0,ABM,BCG Lev Num =  3
18447,2022,BUG,2018,KickNet2M2,BUG_BCG,3,0,WPLR,BCG Lev Num = 3;
18495,2022,FISH,2016,fish1passAllSp,FISH_BCG,5,0,ABM,BCG Lev Num =  5
18507,2022,FISH,2016,1PassAllSpecies,FISH_BCG,2,0,IFD,BCG Lev Num =  2.25;     
18523,2022,FISH,2019,1PassAllSpecies,FISH_BCG,3,0,IFD,BCG Lev Num =  3;     
18537,2022,FISH,2019,1PassAllSpecies,FISH_BCG,4,1,IFD,BCG Lev Num =  4;     DA > 134
18566,2022,FISH,2017,fish1passAllSp,FISH_BCG,4,1,ABM,BCG Lev Num =  3.58; Mem < 0.75 
18585,2022,FISH,2016,1PassAllSpecies,FISH_BCG,3,0,IFD,BCG Lev Num =  3;     
18601,2022,FISH,2017,fish1passAllSp,FISH_BCG,4,1,ABM,BCG Lev Num =  4.33; Mem < 0.75 
18625,2022,FISH,2016,fish1passAllSp,FISH_BCG,3,0,ABM,BCG Lev Num =  2.75
18671,2022,FISH,2019,1PassAllSpecies,FISH_BCG,3,0,IFD,BCG Lev Num =  3;     
18671,2022,BUG,2019,KickNet2M2,BUG_BCG,2,1,WPLR,BCG Lev Num = 2.39795917265306; BCG Mem < 0.75
18737,2022,FISH,2017,1PassAllSpecies,FISH_BCG,6,1,IFD,BCG Lev Num =  5.67;  >= 200 Sample Length  Mem < 0.75 
18738,2022,FISH,2016,1PassAllSpecies,FISH_BCG,3,0,IFD,BCG Lev Num =  3.01;     
18793,2022,FISH,2017,1PassAllSpecies,FISH_BCG,4,1,IFD,BCG Lev Num =  4;  >= 200 Sample Length   
18807,2022,FISH,2017,1PassAllSpecies,FISH_BCG,3,0,IFD,BCG Lev Num =  2.83;     
18807,2022,FISH,2018,1PassAllSpecies,FISH_BCG,2,1,IFD,BCG Lev Num =  2.5;    Mem < 0.75 
18816,2022,FISH,2019,fish1passAllSp,FISH_BCG,3,0,ABM,BCG Lev Num =  3
18818,2022,BUG,2019,KickNet2M2,BUG_BCG,3,0,WPLR,BCG Lev Num = 3;
18821,2022,FISH,2018,fish1passAllSp,FISH_BCG,5,0,ABM,BCG Lev Num =  5
18867,2022,BUG,2016,KickNet2M2,BUG_BCG,3,0,WPLR,BCG Lev Num = 3;
18867,2022,FISH,2016,fish1passAllSp,FISH_BCG,3,0,ABM,BCG Lev Num =  3
18871,2022,BUG,2016,KickNet2M2,BUG_BCG,4,0,WPLR,BCG Lev Num = 4.00829877925312;
18881,2022,FISH,2016,fish1passAllSp,FISH_BCG,3,1,ABM,BCG Lev Num =  2.68; Mem < 0.75 
18904,2022,FISH,2018,1PassAllSpecies,FISH_BCG,3,0,IFD,BCG Lev Num =  3;     
18921,2022,FISH,2019,fish1passAllSp,FISH_BCG,3,1,ABM,BCG Lev Num =  3; DA <0.45
18921,2022,BUG,2019,KickNet2M2,BUG_BCG,3,0,WPLR,BCG Lev Num = 3;
18971,2022,FISH,2016,fish1passAllSp,FISH_BCG,5,1,ABM,BCG Lev Num =  5; <100 Sample Length
18983,2022,FISH,2019,fish1passAllSp,FISH_BCG,4,0,ABM,BCG Lev Num =  4.11
18991,2022,FISH,2018,1PassAllSpecies,FISH_BCG,4,0,IFD,BCG Lev Num =  4;     
18993,2022,FISH,2019,1PassAllSpecies,FISH_BCG,4,0,IFD,BCG Lev Num =  4;     
18993,2022,FISH,2019,fish1passAllSp,FISH_BCG,4,0,ABM,BCG Lev Num =  4
19003,2022,FISH,2018,fish1passAllSpZones,FISH_BCG,4,0,ABM,BCG Lev Num =  4
19003,2022,FISH,2018,fish1passAllSpZones,FISH_BCG,4,0,ABM,BCG Lev Num =  4
19003,2022,FISH,2018,fish1passAllSpZones,FISH_BCG,4,0,ABM,BCG Lev Num =  3.998
19003,2022,FISH,2018,fish1passAllSpZones,FISH_BCG,4,0,ABM,BCG Lev Num =  4
19016,2022,BUG,2016,KickNet2M2,BUG_BCG,5,0,WPLR,BCG Lev Num = 5;
19016,2022,FISH,2016,fish1passAllSp,FISH_BCG,3,0,ABM,BCG Lev Num =  3
19017,2022,BUG,2016,KickNet2M2,BUG_BCG,4,1,WPLR,BCG Lev Num = 4.5; BCG Mem < 0.75
19017,2022,FISH,2016,fish1passAllSp,FISH_BCG,5,0,ABM,BCG Lev Num =  5
19018,2022,FISH,2016,fish1passAllSp,FISH_BCG,4,0,ABM,BCG Lev Num =  4
19018,2022,BUG,2016,KickNet2M2,BUG_BCG,5,0,WPLR,BCG Lev Num = 4.90243900243904;
19019,2022,BUG,2016,KickNet2M2,BUG_BCG,2,0,WPLR,BCG Lev Num = 2;
19020,2022,FISH,2016,fish1passAllSp,FISH_BCG,3,0,ABM,BCG Lev Num =  3
19020,2022,BUG,2016,KickNet2M2,BUG_BCG,3,0,WPLR,BCG Lev Num = 3;
19021,2022,FISH,2016,fish1passAllSp,FISH_BCG,5,0,ABM,BCG Lev Num =  5
19021,2022,BUG,2016,KickNet2M2,BUG_BCG,5,0,WPLR,BCG Lev Num = 5;
19024,2022,FISH,2016,fish1passAllSp,FISH_BCG,2,0,ABM,BCG Lev Num =  2.15
19024,2022,BUG,2016,KickNet2M2,BUG_BCG,4,0,WPLR,BCG Lev Num = 4;
19025,2022,BUG,2016,KickNet2M2,BUG_BCG,4,0,WPLR,BCG Lev Num = 3.93251534773007;
19025,2022,FISH,2016,fish1passAllSp,FISH_BCG,5,1,ABM,BCG Lev Num =  5; <20 Fish Cnt
19026,2022,FISH,2016,fish1passAllSp,FISH_BCG,4,0,ABM,BCG Lev Num =  4
19026,2022,BUG,2016,KickNet2M2,BUG_BCG,5,0,WPLR,BCG Lev Num = 5;
19039,2022,FISH,2017,1PassAllSpecies,FISH_BCG,3,1,IFD,BCG Lev Num =  3.46;    Mem < 0.75 
19048,2022,FISH,2017,fish1passAllSp,FISH_BCG,4,0,ABM,BCG Lev Num =  4
19049,2022,FISH,2016,fish1passAllSp,FISH_BCG,5,1,ABM,BCG Lev Num =  4.67; Mem < 0.75 
19049,2022,BUG,2016,KickNet2M2,BUG_BCG,4,1,WPLR,BCG Lev Num = 4.49557521504424; BCG Mem < 0.75
19065,2022,FISH,2016,1PassAllSpecies,FISH_BCG,4,0,IFD,BCG Lev Num =  4;     
19069,2022,FISH,2016,1PassAllSpecies,FISH_BCG,5,1,IFD,BCG Lev Num =  5;  < 100 Sample Length   
19101,2022,FISH,2016,1PassAllSpecies,FISH_BCG,3,0,IFD,BCG Lev Num =  3.25;     
19106,2022,FISH,2018,fish1passAllSp,FISH_BCG,0,1,ABM,BCG Lev Num =  ?; <20 Fish Cnt
19107,2022,FISH,2019,1PassAllSpecies,FISH_BCG,1,0,IFD,BCG Lev Num =  1;     
19110,2022,FISH,2016,1PassAllSpecies,FISH_BCG,4,1,IFD,BCG Lev Num =  4;  < 100 Sample Length   
19120,2022,FISH,2016,fish1passAllSp,FISH_BCG,5,0,ABM,BCG Lev Num =  5
19120,2022,FISH,2018,1PassAllSpecies,FISH_BCG,2,0,IFD,BCG Lev Num =  2.25;     
19120,2022,BUG,2016,KickNet2M2,BUG_BCG,5,1,WPLR,BCG Lev Num = 4.52631579210528; BCG Mem < 0.75
19121,2022,BUG,2016,KickNet2M2,BUG_BCG,3,0,WPLR,BCG Lev Num = 3;
19121,2022,FISH,2016,fish1passAllSp,FISH_BCG,2,0,ABM,BCG Lev Num =  2
19130,2022,FISH,2016,1PassAllSpecies,FISH_BCG,5,1,IFD,BCG Lev Num =  5;  < 100 Sample Length   
19143,2022,FISH,2016,1PassAllSpecies,FISH_BCG,3,0,IFD,BCG Lev Num =  3;     
19147,2022,FISH,2016,1PassAllSpecies,FISH_BCG,4,1,IFD,BCG Lev Num =  4;  < 100 Sample Length <20 Fish Cnt  
19185,2022,FISH,2018,1PassAllSpecies,FISH_BCG,2,1,IFD,BCG Lev Num =  2.33;    Mem < 0.75 
19215,2022,FISH,2017,fish1passAllSp,FISH_BCG,4,0,ABM,BCG Lev Num =  4
19217,2022,FISH,2017,fish1passAllSp,FISH_BCG,5,0,ABM,BCG Lev Num =  5
19218,2022,FISH,2017,fish1passAllSp,FISH_BCG,4,1,ABM,BCG Lev Num =  4; >= 200 Sample Length
19222,2022,FISH,2017,1PassAllSpecies,FISH_BCG,1,0,IFD,BCG Lev Num =  1;     
19269,2022,FISH,2017,1PassAllSpecies,FISH_BCG,2,0,IFD,BCG Lev Num =  2;     
19382,2022,FISH,2016,1PassAllSpecies,FISH_BCG,4,0,IFD,BCG Lev Num =  3.9;     
19638,2022,FISH,2017,fish1passAllSp,FISH_BCG,3,0,ABM,BCG Lev Num =  3.19
19639,2022,FISH,2017,fish1passAllSp,FISH_BCG,2,1,ABM,BCG Lev Num =  2.5; Mem < 0.75 
19639,2022,BUG,2017,KickNet2M2,BUG_BCG,4,0,WPLR,BCG Lev Num = 4;
19644,2022,BUG,2017,KickNet2M2,BUG_BCG,4,0,WPLR,BCG Lev Num = 4;
19644,2022,FISH,2017,fish1passAllSp,FISH_BCG,4,0,ABM,BCG Lev Num =  4
19652,2022,FISH,2017,1PassAllSpecies,FISH_BCG,4,0,IFD,BCG Lev Num =  4;     
19653,2022,FISH,2017,1PassAllSpecies,FISH_BCG,2,1,IFD,BCG Lev Num =  2.28;    Mem < 0.75 
19655,2022,BUG,2017,KickNet2M2,BUG_BCG,4,0,WPLR,BCG Lev Num = 4;
19655,2022,FISH,2017,fish1passAllSp,FISH_BCG,3,0,ABM,BCG Lev Num =  3.25
19657,2022,BUG,2017,KickNet2M2,BUG_BCG,4,0,WPLR,BCG Lev Num = 4;
19679,2022,BUG,2017,KickNet2M2,BUG_BCG,3,1,WPLR,BCG Lev Num = 3.40718563377247; BCG Mem < 0.75
19679,2022,FISH,2017,fish1passAllSp,FISH_BCG,3,0,ABM,BCG Lev Num =  3
19681,2022,BUG,2017,KickNet2M2,BUG_BCG,4,0,WPLR,BCG Lev Num = 4;
19681,2022,FISH,2017,fish1passAllSp,FISH_BCG,4,0,ABM,BCG Lev Num =  4
19682,2022,BUG,2017,KickNet2M2,BUG_BCG,3,0,WPLR,BCG Lev Num = 3;
19682,2022,FISH,2017,fish1passAllSp,FISH_BCG,5,0,ABM,BCG Lev Num =  5
19685,2022,FISH,2016,1PassAllSpecies,FISH_BCG,3,1,IFD,BCG Lev Num =  2.72;  < 100 Sample Length  Mem < 0.75 
19688,2022,FISH,2016,1PassAllSpecies,FISH_BCG,2,1,IFD,BCG Lev Num =  2.5;    Mem < 0.75 
19692,2022,BUG,2017,KickNet2M2,BUG_BCG,3,1,WPLR,BCG Lev Num = 3.38418078711865; BCG Mem < 0.75
19693,2022,BUG,2017,KickNet2M2,BUG_BCG,5,0,WPLR,BCG Lev Num = 5;
19696,2022,FISH,2017,fish1passAllSp,FISH_BCG,4,0,ABM,BCG Lev Num =  3.75
19696,2022,BUG,2017,KickNet2M2,BUG_BCG,3,0,WPLR,BCG Lev Num = 2.77777778444444;
19697,2022,FISH,2017,fish1passAllSp,FISH_BCG,3,0,ABM,BCG Lev Num =  3
19697,2022,BUG,2017,KickNet2M2,BUG_BCG,4,1,WPLR,BCG Lev Num = 3.65289255404959; BCG Mem < 0.75
19698,2022,BUG,2017,KickNet2M2,BUG_BCG,5,0,WPLR,BCG Lev Num = 5;
19698,2022,FISH,2017,fish1passAllSp,FISH_BCG,6,2,ABM,BCG Lev Num =  6; <100 Sample Length; <20 Fish Cnt
19699,2022,BUG,2017,KickNet2M2,BUG_BCG,5,0,WPLR,BCG Lev Num = 5;
19699,2022,FISH,2017,fish1passAllSp,FISH_BCG,3,0,ABM,BCG Lev Num =  3.23
19700,2022,FISH,2017,fish1passAllSp,FISH_BCG,3,0,ABM,BCG Lev Num =  3
19700,2022,BUG,2017,KickNet2M2,BUG_BCG,3,1,WPLR,BCG Lev Num = 3.29834253569062; BCG Mem < 0.75
19709,2022,FISH,2017,fish1passAllSp,FISH_BCG,4,0,ABM,BCG Lev Num =  4
19723,2022,FISH,2016,1PassAllSpecies,FISH_BCG,1,1,IFD,BCG Lev Num =  1;  < 100 Sample Length <20 Fish Cnt  
19725,2022,FISH,2016,1PassAllSpecies,FISH_BCG,2,1,IFD,BCG Lev Num =  2;  < 100 Sample Length   
19733,2022,FISH,2019,1PassAllSpecies,FISH_BCG,4,0,IFD,BCG Lev Num =  3.75;     
19733,2022,FISH,2018,1PassAllSpecies,FISH_BCG,3,0,IFD,BCG Lev Num =  3.08;     
19733,2022,FISH,2017,1PassAllSpecies,FISH_BCG,3,0,IFD,BCG Lev Num =  3;     
19734,2022,FISH,2016,1PassAllSpecies,FISH_BCG,1,1,IFD,BCG Lev Num =  1;  >= 200 Sample Length <20 Fish Cnt  DA < 0.45
19739,2022,FISH,2016,1PassAllSpecies,FISH_BCG,4,0,IFD,BCG Lev Num =  4;     
19740,2022,FISH,2016,1PassAllSpecies,FISH_BCG,4,1,IFD,BCG Lev Num =  3.62;  >= 200 Sample Length  Mem < 0.75 
19740,2022,FISH,2019,1PassAllSpecies,FISH_BCG,4,1,IFD,BCG Lev Num =  4;  >= 200 Sample Length   
19742,2022,FISH,2018,1PassAllSpecies,FISH_BCG,5,1,IFD,BCG Lev Num =  4.67;    Mem < 0.75 
19742,2022,FISH,2019,1PassAllSpecies,FISH_BCG,3,0,IFD,BCG Lev Num =  3.25;     
19747,2022,FISH,2018,fish1passAllSp,FISH_BCG,0,3,ABM,BCG Lev Num =  ?; <100 Sample Length; <20 Fish Cnt; DA <0.45
19749,2022,FISH,2018,fish1passAllSp,FISH_BCG,4,0,ABM,BCG Lev Num =  4
19751,2022,FISH,2018,fish1passAllSp,FISH_BCG,3,1,ABM,BCG Lev Num =  2.67; Mem < 0.75 
19763,2022,FISH,2017,1PassAllSpecies,FISH_BCG,1,0,IFD,BCG Lev Num =  1;     
19781,2022,FISH,2017,1PassAllSpecies,FISH_BCG,5,0,IFD,BCG Lev Num =  5;     
19785,2022,FISH,2017,1PassAllSpecies,FISH_BCG,3,1,IFD,BCG Lev Num =  2.61;  < 100 Sample Length  Mem < 0.75 
19787,2022,FISH,2017,1PassAllSpecies,FISH_BCG,3,0,IFD,BCG Lev Num =  3;     
19793,2022,FISH,2017,1PassAllSpecies,FISH_BCG,2,1,IFD,BCG Lev Num =  2.5;  < 100 Sample Length  Mem < 0.75 
19807,2022,FISH,2017,1PassAllSpecies,FISH_BCG,3,0,IFD,BCG Lev Num =  3;     
19809,2022,FISH,2017,1PassAllSpecies,FISH_BCG,1,0,IFD,BCG Lev Num =  1;     
19810,2022,FISH,2017,fish1passAllSp,FISH_BCG,5,0,ABM,BCG Lev Num =  5
19812,2022,FISH,2017,fish1passAllSp,FISH_BCG,4,0,ABM,BCG Lev Num =  4
19825,2022,FISH,2017,1PassAllSpecies,FISH_BCG,5,1,IFD,BCG Lev Num =  5;     DA < 0.45
19829,2022,FISH,2017,1PassAllSpecies,FISH_BCG,3,1,IFD,BCG Lev Num =  2.79;   <20 Fish Cnt  DA < 0.45
19830,2022,FISH,2017,1PassAllSpecies,FISH_BCG,5,1,IFD,BCG Lev Num =  5;   <20 Fish Cnt  DA < 0.45
19838,2022,FISH,2018,1PassAllSpecies,FISH_BCG,1,1,IFD,BCG Lev Num =  1;  >= 200 Sample Length   DA < 0.45
19850,2022,FISH,2016,1PassAllSpecies,FISH_BCG,3,0,IFD,BCG Lev Num =  3;     
19863,2022,FISH,2016,1PassAllSpecies,FISH_BCG,5,1,IFD,BCG Lev Num =  5;  < 100 Sample Length   
19864,2022,FISH,2016,1PassAllSpecies,FISH_BCG,4,0,IFD,BCG Lev Num =  4;     
19872,2022,FISH,2017,1PassAllSpecies,FISH_BCG,6,1,IFD,BCG Lev Num =  6;   <20 Fish Cnt  DA < 0.45
19874,2022,FISH,2017,1PassAllSpecies,FISH_BCG,3,0,IFD,BCG Lev Num =  3;     
19878,2022,FISH,2016,1PassAllSpecies,FISH_BCG,5,0,IFD,BCG Lev Num =  5;     
19882,2022,FISH,2016,1PassAllSpecies,FISH_BCG,2,0,IFD,BCG Lev Num =  2;     
19895,2022,FISH,2017,1PassAllSpecies,FISH_BCG,5,1,IFD,BCG Lev Num =  5;   <20 Fish Cnt  
19899,2022,FISH,2017,1PassAllSpecies,FISH_BCG,5,1,IFD,BCG Lev Num =  5;   <20 Fish Cnt  
19900,2022,FISH,2017,1PassAllSpecies,FISH_BCG,5,1,IFD,BCG Lev Num =  5;   <20 Fish Cnt  
19905,2022,FISH,2017,1PassAllSpecies,FISH_BCG,4,0,IFD,BCG Lev Num =  4;     
19907,2022,FISH,2017,1PassAllSpecies,FISH_BCG,4,0,IFD,BCG Lev Num =  3.75;     
19909,2022,FISH,2017,1PassAllSpecies,FISH_BCG,5,0,IFD,BCG Lev Num =  5;     
19910,2022,FISH,2017,1PassAllSpecies,FISH_BCG,5,1,IFD,BCG Lev Num =  5;     DA < 0.45
19917,2022,FISH,2017,1PassAllSpecies,FISH_BCG,4,0,IFD,BCG Lev Num =  4;     
19919,2022,FISH,2019,1PassAllSpecies,FISH_BCG,4,0,IFD,BCG Lev Num =  4;     
19919,2022,FISH,2017,1PassAllSpecies,FISH_BCG,4,0,IFD,BCG Lev Num =  4;     
19931,2022,BUG,2018,KickNet2M2,BUG_BCG,2,1,WPLR,BCG Lev Num = 2.5; BCG Mem < 0.75
19931,2022,FISH,2018,fish1passAllSp,FISH_BCG,2,1,ABM,BCG Lev Num =  2.5; Mem < 0.75 
19932,2022,FISH,2018,fish1passAllSp,FISH_BCG,3,0,ABM,BCG Lev Num =  3
19933,2022,FISH,2018,fish1passAllSp,FISH_BCG,1,1,ABM,BCG Lev Num =  1.17; <20 Fish Cnt
19933,2022,BUG,2018,KickNet2M2,BUG_BCG,3,0,WPLR,BCG Lev Num = 3;
19934,2022,FISH,2016,1PassAllSpecies,FISH_BCG,3,0,IFD,BCG Lev Num =  2.94;     
19935,2022,FISH,2016,1PassAllSpecies,FISH_BCG,4,1,IFD,BCG Lev Num =  4;  < 100 Sample Length   
19938,2022,FISH,2018,fish1passAllSp,FISH_BCG,5,0,ABM,BCG Lev Num =  5.17
19938,2022,BUG,2018,KickNet2M2,BUG_BCG,5,0,WPLR,BCG Lev Num = 5;
19940,2022,FISH,2018,fish1passAllSp,FISH_BCG,1,0,ABM,BCG Lev Num =  1
19940,2022,BUG,2018,KickNet2M2,BUG_BCG,3,0,WPLR,BCG Lev Num = 3;
19955,2022,FISH,2018,fish1passAllSp,FISH_BCG,5,0,ABM,BCG Lev Num =  5
19955,2022,BUG,2018,KickNet2M2,BUG_BCG,3,0,WPLR,BCG Lev Num = 3;
19956,2022,BUG,2018,KickNet2M2,BUG_BCG,4,0,WPLR,BCG Lev Num = 4;
19956,2022,FISH,2018,fish1passAllSp,FISH_BCG,4,1,ABM,BCG Lev Num =  4.33; Mem < 0.75 
19957,2022,BUG,2018,KickNet2M2,BUG_BCG,3,1,WPLR,BCG Lev Num = 3.5; BCG Mem < 0.75
19957,2022,FISH,2018,fish1passAllSp,FISH_BCG,4,0,ABM,BCG Lev Num =  4
19959,2022,FISH,2017,1PassAllSpecies,FISH_BCG,3,1,IFD,BCG Lev Num =  2.82;  < 100 Sample Length   
19975,2022,FISH,2017,1PassAllSpecies,FISH_BCG,3,1,IFD,BCG Lev Num =  3.35;    Mem < 0.75 
19990,2022,FISH,2018,1PassAllSpecies,FISH_BCG,5,1,IFD,BCG Lev Num =  5;  >= 200 Sample Length   
20046,2022,FISH,2019,fish1passAllSp,FISH_BCG,5,0,ABM,BCG Lev Num =  5
20049,2022,FISH,2019,fish1passAllSp,FISH_BCG,4,0,ABM,BCG Lev Num =  4
20054,2022,FISH,2018,fish1passAllSp,FISH_BCG,3,0,ABM,BCG Lev Num =  3
20055,2022,FISH,2018,fish1passAllSp,FISH_BCG,4,0,ABM,BCG Lev Num =  4
20060,2022,FISH,2018,fish1passAllSpZones,FISH_BCG,5,0,ABM,BCG Lev Num =  5
20060,2022,FISH,2018,fish1passAllSpZones,FISH_BCG,4,0,ABM,BCG Lev Num =  4
20061,2022,FISH,2018,fish1passAllSp,FISH_BCG,4,1,ABM,BCG Lev Num =  3.75; >= 200 Sample Length
20062,2022,FISH,2018,fish1passAllSp,FISH_BCG,3,0,ABM,BCG Lev Num =  3
20068,2022,FISH,2018,1PassAllSpecies,FISH_BCG,1,1,IFD,BCG Lev Num =  1;  < 100 Sample Length   
20071,2022,FISH,2018,1PassAllSpecies,FISH_BCG,1,0,IFD,BCG Lev Num =  1;     
20073,2022,FISH,2018,fish1passAllSp,FISH_BCG,4,0,ABM,BCG Lev Num =  4
20074,2022,FISH,2019,1PassAllSpecies,FISH_BCG,4,1,IFD,BCG Lev Num =  4.48;    Mem < 0.75 
20074,2022,FISH,2018,1PassAllSpecies,FISH_BCG,6,1,IFD,BCG Lev Num =  6;  >= 200 Sample Length   
20075,2022,FISH,2018,1PassAllSpecies,FISH_BCG,4,0,IFD,BCG Lev Num =  4;     
20079,2022,FISH,2018,1PassAllSpecies,FISH_BCG,2,0,IFD,BCG Lev Num =  2;     
20084,2022,FISH,2018,1PassAllSpecies,FISH_BCG,6,1,IFD,BCG Lev Num =  6;  < 100 Sample Length <20 Fish Cnt  
20084,2022,FISH,2019,1PassAllSpecies,FISH_BCG,5,1,IFD,BCG Lev Num =  4.73;  < 100 Sample Length  Mem < 0.75 
20085,2022,FISH,2018,1PassAllSpecies,FISH_BCG,3,1,IFD,BCG Lev Num =  3;  < 100 Sample Length   
20086,2022,FISH,2018,1PassAllSpecies,FISH_BCG,4,0,IFD,BCG Lev Num =  4;     
20087,2022,FISH,2018,fish1passAllSp,FISH_BCG,3,2,ABM,BCG Lev Num =  2.56; Mem < 0.75 ; DA <0.45
20089,2022,FISH,2018,fish1passAllSp,FISH_BCG,6,1,ABM,BCG Lev Num =  5.64; Mem < 0.75 
20090,2022,FISH,2018,1PassAllSpecies,FISH_BCG,3,1,IFD,BCG Lev Num =  3.38;    Mem < 0.75 
20090,2022,FISH,2019,1PassAllSpecies,FISH_BCG,5,0,IFD,BCG Lev Num =  4.53;     
20091,2022,FISH,2019,1PassAllSpecies,FISH_BCG,3,0,IFD,BCG Lev Num =  3;     
20092,2022,FISH,2018,1PassAllSpecies,FISH_BCG,2,0,IFD,BCG Lev Num =  2;     
20093,2022,FISH,2018,fish1passAllSp,FISH_BCG,0,2,ABM,BCG Lev Num = ?; <20 Fish Cnt; DA <0.45
20096,2022,FISH,2019,1PassAllSpecies,FISH_BCG,2,0,IFD,BCG Lev Num =  2;     
20096,2022,FISH,2018,1PassAllSpecies,FISH_BCG,2,0,IFD,BCG Lev Num =  2.25;     
20097,2022,FISH,2019,1PassAllSpecies,FISH_BCG,3,1,IFD,BCG Lev Num =  3;  < 100 Sample Length   
20097,2022,FISH,2018,1PassAllSpecies,FISH_BCG,4,1,IFD,BCG Lev Num =  4;  < 100 Sample Length   
20098,2022,FISH,2018,fish1passAllSp,FISH_BCG,3,1,ABM,BCG Lev Num =  3.46; Mem < 0.75 
20099,2022,FISH,2018,fish1passAllSp,FISH_BCG,3,0,ABM,BCG Lev Num =  3
20122,2022,FISH,2019,fish1passAllSp,FISH_BCG,0,2,ABM,BCG Lev Num =  ?; >= 200 Sample Length; <20 Fish Cnt
20122,2022,BUG,2019,KickNet2M2,BUG_BCG,2,0,WPLR,BCG Lev Num = 2.07142856714286;
20123,2022,BUG,2019,KickNet2M2,BUG_BCG,2,1,WPLR,BCG Lev Num = 2.38372092953488; BCG Mem < 0.75
20123,2022,FISH,2019,fish1passAllSp,FISH_BCG,1,1,ABM,BCG Lev Num =  1; >= 200 Sample Length
20124,2022,FISH,2019,fish1passAllSp,FISH_BCG,4,2,ABM,BCG Lev Num =  4.33; Mem < 0.75 ; >= 200 Sample Length
20124,2022,BUG,2019,KickNet2M2,BUG_BCG,3,0,WPLR,BCG Lev Num = 3;
20127,2022,FISH,2019,fish1passAllSp,FISH_BCG,4,1,ABM,BCG Lev Num =  4; >= 200 Sample Length
20127,2022,BUG,2019,KickNet2M2,BUG_BCG,4,0,WPLR,BCG Lev Num = 4;
20128,2022,BUG,2019,KickNet2M2,BUG_BCG,4,0,WPLR,BCG Lev Num = 3.96581198256409;
20129,2022,FISH,2019,fish1passAllSp,FISH_BCG,3,0,ABM,BCG Lev Num =  3
20129,2022,BUG,2019,KickNet2M2,BUG_BCG,3,0,WPLR,BCG Lev Num = 3;
20131,2022,FISH,2018,1PassAllSpecies,FISH_BCG,5,0,IFD,BCG Lev Num =  5;     
20133,2022,FISH,2019,fish1passAllSp,FISH_BCG,4,0,ABM,BCG Lev Num =  4
20134,2022,FISH,2019,fish1passAllSp,FISH_BCG,5,0,ABM,BCG Lev Num =  5
20136,2022,FISH,2019,fish1passAllSp,FISH_BCG,3,0,ABM,BCG Lev Num =  3.02
20149,2022,FISH,2019,fish1passAllSp,FISH_BCG,5,0,ABM,BCG Lev Num =  5
20150,2022,FISH,2019,fish1passAllSp,FISH_BCG,4,0,ABM,BCG Lev Num =  4
20154,2022,FISH,2019,fish1passAllSp,FISH_BCG,4,0,ABM,BCG Lev Num =  4
20191,2022,FISH,2019,fish1passAllSp,FISH_BCG,5,0,ABM,BCG Lev Num =  5
20206,2022,FISH,2019,fish1passAllSp,FISH_BCG,4,0,ABM,BCG Lev Num =  4
20206,2022,BUG,2019,KickNet2M2,BUG_BCG,2,0,WPLR,BCG Lev Num = 2;
20210,2022,FISH,2019,1PassAllSpecies,FISH_BCG,3,1,IFD,BCG Lev Num =  3;  >= 200 Sample Length   
20211,2022,FISH,2019,1PassAllSpecies,FISH_BCG,4,0,IFD,BCG Lev Num =  4;     
20213,2022,FISH,2019,1PassAllSpecies,FISH_BCG,3,0,IFD,BCG Lev Num =  2.83;     
20221,2022,FISH,2019,1PassAllSpecies,FISH_BCG,1,1,IFD,BCG Lev Num =  1;  < 100 Sample Length <20 Fish Cnt  
20225,2022,FISH,2019,1PassAllSpecies,FISH_BCG,2,0,IFD,BCG Lev Num =  2;     
20232,2022,BUG,2020,KickNet2M2,BUG_BCG,5,0,WPLR,BCG Lev Num = 5;
20233,2022,FISH,2019,1PassAllSpecies,FISH_BCG,4,0,IFD,BCG Lev Num =  4;     
20235,2022,FISH,2019,fish1passAllSp,FISH_BCG,5,0,ABM,BCG Lev Num =  5
20236,2022,BUG,2019,KickNet2M2,BUG_BCG,2,1,WPLR,BCG Lev Num = 2.38888889222222; BCG Mem < 0.75
20236,2022,FISH,2019,fish1passAllSp,FISH_BCG,4,0,ABM,BCG Lev Num =  3.76
20237,2022,FISH,2019,fish1passAllSp,FISH_BCG,5,0,ABM,BCG Lev Num =  5
20239,2022,FISH,2019,1PassAllSpecies,FISH_BCG,4,0,IFD,BCG Lev Num =  3.75;     
20243,2022,FISH,2019,1PassAllSpecies,FISH_BCG,3,1,IFD,BCG Lev Num =  3.5;  < 100 Sample Length  Mem < 0.75 
20249,2022,BUG,2019,KickNet2M2,BUG_BCG,4,0,WPLR,BCG Lev Num = 4.13725489215688;
20249,2022,FISH,2019,fish1passAllSp,FISH_BCG,4,1,ABM,BCG Lev Num =  4.21; Mem < 0.75 
20251,2022,FISH,2019,fish1passAllSp,FISH_BCG,3,0,ABM,BCG Lev Num =  3.11
20251,2022,BUG,2019,KickNet2M2,BUG_BCG,2,0,WPLR,BCG Lev Num = 2;
20252,2022,FISH,2019,fish1passAllSp,FISH_BCG,5,0,ABM,BCG Lev Num =  5
20252,2022,BUG,2019,KickNet2M2,BUG_BCG,2,1,WPLR,BCG Lev Num = 2.5; BCG Mem < 0.75
20258,2022,FISH,2019,1PassAllSpecies,FISH_BCG,3,0,IFD,BCG Lev Num =  2.85;     
20259,2022,FISH,2019,1PassAllSpecies,FISH_BCG,2,1,IFD,BCG Lev Num =  2.5;    Mem < 0.75 
20261,2022,FISH,2019,1PassAllSpecies,FISH_BCG,5,1,IFD,BCG Lev Num =  5;     DA < 0.45
20262,2022,FISH,2019,1PassAllSpecies,FISH_BCG,1,1,IFD,BCG Lev Num =  1;   <20 Fish Cnt  
20267,2022,FISH,2019,1PassAllSpecies,FISH_BCG,1,1,IFD,BCG Lev Num =  1;  < 100 Sample Length   DA < 0.45
20269,2022,FISH,2019,1PassAllSpecies,FISH_BCG,1,1,IFD,BCG Lev Num =  1;  < 100 Sample Length   DA < 0.45
20272,2022,FISH,2019,1PassAllSpecies,FISH_BCG,4,1,IFD,BCG Lev Num =  3.95;  >= 200 Sample Length   
20273,2022,FISH,2019,1PassAllSpecies,FISH_BCG,4,1,IFD,BCG Lev Num =  4;  >= 200 Sample Length   
20292,2022,FISH,2019,1PassAllSpecies,FISH_BCG,4,0,IFD,BCG Lev Num =  4;     
20293,2022,FISH,2019,1PassAllSpecies,FISH_BCG,3,1,IFD,BCG Lev Num =  3.34;    Mem < 0.75 
20295,2022,FISH,2019,1PassAllSpecies,FISH_BCG,2,0,IFD,BCG Lev Num =  2;     
20297,2022,FISH,2019,1PassAllSpecies,FISH_BCG,1,1,IFD,BCG Lev Num =  1;   <20 Fish Cnt  DA < 0.45
20298,2022,FISH,2019,1PassAllSpecies,FISH_BCG,6,1,IFD,BCG Lev Num =  6;   <20 Fish Cnt  
20299,2022,FISH,2019,1PassAllSpecies,FISH_BCG,5,1,IFD,BCG Lev Num =  5;  < 100 Sample Length   
20301,2022,FISH,2019,1PassAllSpecies,FISH_BCG,3,1,IFD,BCG Lev Num =  3;  < 100 Sample Length   
20302,2022,FISH,2019,1PassAllSpecies,FISH_BCG,2,0,IFD,BCG Lev Num =  1.94;     
20303,2022,FISH,2019,1PassAllSpecies,FISH_BCG,2,0,IFD,BCG Lev Num =  2;     
20312,2022,FISH,2019,1PassAllSpecies,FISH_BCG,2,1,IFD,BCG Lev Num =  2;   <20 Fish Cnt  DA < 0.45
20314,2022,FISH,2019,1PassAllSpecies,FISH_BCG,2,0,IFD,BCG Lev Num =  2;     
20316,2022,FISH,2019,1PassAllSpecies,FISH_BCG,5,1,IFD,BCG Lev Num =  5;  < 100 Sample Length   DA < 0.45
20317,2022,FISH,2019,1PassAllSpecies,FISH_BCG,5,1,IFD,BCG Lev Num =  5;  >= 200 Sample Length   
20318,2022,BUG,2020,KickNet2M2,BUG_BCG,3,0,WPLR,BCG Lev Num = 3;
20319,2022,BUG,2020,KickNet2M2,BUG_BCG,3,0,WPLR,BCG Lev Num = 2.83333332333334;
20320,2022,BUG,2020,KickNet2M2,BUG_BCG,2,1,WPLR,BCG Lev Num = 2.5; BCG Mem < 0.75
20322,2022,FISH,2019,1PassAllSpecies,FISH_BCG,5,1,IFD,BCG Lev Num =  5;   <20 Fish Cnt  
20323,2022,FISH,2019,1PassAllSpecies,FISH_BCG,5,1,IFD,BCG Lev Num =  5;     DA < 0.45
20324,2022,BUG,2020,KickNet2M2,BUG_BCG,4,0,WPLR,BCG Lev Num = 4;
20325,2022,BUG,2020,KickNet2M2,BUG_BCG,5,0,WPLR,BCG Lev Num = 5;
20326,2022,FISH,2019,1PassAllSpecies,FISH_BCG,1,1,IFD,BCG Lev Num =  1;   <20 Fish Cnt  
20327,2022,FISH,2019,1PassAllSpecies,FISH_BCG,5,0,IFD,BCG Lev Num =  5;     
20328,2022,FISH,2019,1PassAllSpecies,FISH_BCG,1,1,IFD,BCG Lev Num =  1;     DA < 0.45
20330,2022,FISH,2019,1PassAllSpecies,FISH_BCG,3,1,IFD,BCG Lev Num =  3;     DA < 0.45
20331,2022,FISH,2019,1PassAllSpecies,FISH_BCG,5,0,IFD,BCG Lev Num =  5;     
20336,2022,FISH,2019,1PassAllSpecies,FISH_BCG,1,0,IFD,BCG Lev Num =  1;     
20476,2022,BUG,2020,KickNet2M2,BUG_BCG,5,0,WPLR,BCG Lev Num = 5;
